imgs,labels
N_0000000018/N_0000000018_00260.jpg,A
N_0000000018/N_0000000018_00007.jpg,A
N_0000000018/N_0000000018_00022.jpg,U
N_0000000018/N_0000000018_00027.jpg,A
N_0000000018/N_0000000018_00028.jpg,A
N_0000000018/N_0000000018_00029.jpg,A
N_0000000018/N_0000000018_00030.jpg,A
N_0000000018/N_0000000018_00043.jpg,A
N_0000000018/N_0000000018_00048.jpg,A
N_0000000018/N_0000000018_00049.jpg,A
N_0000000018/N_0000000018_00054.jpg,A
N_0000000018/N_0000000018_00057.jpg,U
N_0000000018/N_0000000018_00060.jpg,A
N_0000000018/N_0000000018_00061.jpg,U
N_0000000018/N_0000000018_00062.jpg,A
N_0000000018/N_0000000018_00064.jpg,A
N_0000000018/N_0000000018_00066.jpg,A
N_0000000018/N_0000000018_00035.jpg,U
N_0000000018/N_0000000018_00069.jpg,A
N_0000000018/N_0000000018_00101.jpg,A
N_0000000018/N_0000000018_00136.jpg,A
N_0000000018/N_0000000018_00073.jpg,A
N_0000000018/N_0000000018_00076.jpg,A
N_0000000018/N_0000000018_00077.jpg,A
N_0000000018/N_0000000018_00087.jpg,A
N_0000000018/N_0000000018_00089.jpg,A
N_0000000018/N_0000000018_00090.jpg,A
N_0000000018/N_0000000018_00096.jpg,A
N_0000000018/N_0000000018_00098.jpg,A
N_0000000018/N_0000000018_00103.jpg,A
N_0000000018/N_0000000018_00104.jpg,A
N_0000000018/N_0000000018_00112.jpg,U
N_0000000018/N_0000000018_00113.jpg,A
N_0000000018/N_0000000018_00115.jpg,A
N_0000000018/N_0000000018_00116.jpg,A
N_0000000018/N_0000000018_00118.jpg,A
N_0000000018/N_0000000018_00119.jpg,A
N_0000000018/N_0000000018_00122.jpg,U
N_0000000018/N_0000000018_00128.jpg,A
N_0000000018/N_0000000018_00144.jpg,A
N_0000000018/N_0000000018_00146.jpg,U
N_0000000018/N_0000000018_00159.jpg,A
N_0000000018/N_0000000018_00160.jpg,A
N_0000000018/N_0000000018_00163.jpg,A
N_0000000018/N_0000000018_00164.jpg,A
N_0000000018/N_0000000018_00169.jpg,A
N_0000000018/N_0000000018_00171.jpg,A
N_0000000018/N_0000000018_00181.jpg,A
N_0000000018/N_0000000018_00184.jpg,A
N_0000000018/N_0000000018_00185.jpg,A
N_0000000018/N_0000000018_00190.jpg,A
N_0000000018/N_0000000018_00192.jpg,A
N_0000000018/N_0000000018_00200.jpg,A
N_0000000018/N_0000000018_00201.jpg,A
N_0000000018/N_0000000018_00206.jpg,A
N_0000000018/N_0000000018_00208.jpg,A
N_0000000018/N_0000000018_00209.jpg,U
N_0000000018/N_0000000018_00220.jpg,A
N_0000000018/N_0000000018_00223.jpg,A
N_0000000018/N_0000000018_00228.jpg,U
N_0000000018/N_0000000018_00229.jpg,A
N_0000000018/N_0000000018_00232.jpg,A
N_0000000018/N_0000000018_00242.jpg,A
N_0000000018/N_0000000018_00244.jpg,A
N_0000000018/N_0000000018_00245.jpg,A
N_0000000018/N_0000000018_00249.jpg,A
N_0000000018/N_0000000018_00262.jpg,A
N_0000000018/N_0000000018_00263.jpg,A
N_0000000018/N_0000000018_00264.jpg,A
N_0000000018/N_0000000018_00265.jpg,A
N_0000000018/N_0000000018_00268.jpg,A
N_0000000018/N_0000000018_00271.jpg,A
N_0000000018/N_0000000018_00272.jpg,A
N_0000000018/N_0000000018_00278.jpg,A
N_0000000018/N_0000000018_00284.jpg,A
N_0000000018/N_0000000018_00286.jpg,A
N_0000000018/N_0000000018_00290.jpg,A
N_0000000018/N_0000000018_00306.jpg,A
N_0000000018/N_0000000018_00309.jpg,A
N_0000000018/N_0000000018_00317.jpg,A
N_0000000018/N_0000000018_00327.jpg,A
N_0000000018/N_0000000018_00328.jpg,A
N_0000000018/N_0000000018_00339.jpg,A
N_0000000018/N_0000000018_00344.jpg,A
N_0000000018/N_0000000018_00349.jpg,A
N_0000000018/N_0000000018_00355.jpg,A
N_0000000018/N_0000000018_00364.jpg,A
N_0000000018/N_0000000018_00378.jpg,A
N_0000000018/N_0000000018_00384.jpg,A
N_0000000018/N_0000000018_00391.jpg,A
N_0000000018/N_0000000018_00396.jpg,A
N_0000000018/N_0000000018_00399.jpg,A
N_0000000018/N_0000000018_00403.jpg,A
N_0000000018/N_0000000018_00408.jpg,A
N_0000000018/N_0000000018_00415.jpg,U
N_0000000018/N_0000000018_00418.jpg,A
N_0000000018/N_0000000018_00422.jpg,A
N_0000000018/N_0000000018_00423.jpg,A
N_0000000018/N_0000000018_00436.jpg,A
N_0000000018/N_0000000018_00438.jpg,A
N_0000000018/N_0000000018_00446.jpg,A
N_0000000018/N_0000000018_00449.jpg,A
N_0000000018/N_0000000018_00453.jpg,A
N_0000000018/N_0000000018_00454.jpg,A
N_0000000018/N_0000000018_00472.jpg,A
N_0000000018/N_0000000018_00483.jpg,A
N_0000000018/N_0000000018_00486.jpg,A
N_0000000018/N_0000000018_00488.jpg,U
N_0000000018/N_0000000018_00490.jpg,A
N_0000000018/N_0000000018_00495.jpg,A
N_0000000018/N_0000000018_00496.jpg,U
N_0000000018/N_0000000018_00502.jpg,A
N_0000000018/N_0000000018_00503.jpg,A
N_0000000018/N_0000000018_00506.jpg,A
N_0000000018/N_0000000018_00516.jpg,A
N_0000000018/N_0000000018_00517.jpg,U
N_0000000018/N_0000000018_00529.jpg,A
N_0000000018/N_0000000018_00377.jpg,A
N_0000000018/N_0000000018_00445.jpg,A
N_0000000018/N_0000000018_00513.jpg,A
N_0000000018/N_0000000018_00530.jpg,U
N_0000000018/N_0000000018_00564.jpg,A
N_0000000018/N_0000000018_00580.jpg,U
N_0000000018/N_0000000018_00543.jpg,U
N_0000000018/N_0000000018_00544.jpg,U
N_0000000018/N_0000000018_00548.jpg,A
N_0000000018/N_0000000018_00549.jpg,A
N_0000000018/N_0000000018_00551.jpg,A
N_0000000018/N_0000000018_00556.jpg,A
N_0000000018/N_0000000018_00563.jpg,A
N_0000000018/N_0000000018_00575.jpg,A
N_0000000018/N_0000000018_00600.jpg,A
N_0000000018/N_0000000018_00603.jpg,A
N_0000000018/N_0000000018_00621.jpg,A
N_0000000018/N_0000000018_00627.jpg,A
N_0000000018/N_0000000018_00628.jpg,U
N_0000000018/N_0000000018_00630.jpg,A
N_0000000018/N_0000000018_00631.jpg,A
N_0000000018/N_0000000018_00634.jpg,A
N_0000000018/N_0000000018_00641.jpg,A
N_0000000018/N_0000000018_00642.jpg,A
N_0000000018/N_0000000018_00648.jpg,A
N_0000000018/N_0000000018_00655.jpg,A
N_0000000001/N_0000000001_00006.jpg,A
N_0000000001/N_0000000001_00024.jpg,A
N_0000000001/N_0000000001_00030.jpg,A
N_0000000001/N_0000000001_00041.jpg,U
N_0000000001/N_0000000001_00050.jpg,A
N_0000000001/N_0000000001_00057.jpg,A
N_0000000001/N_0000000001_00062.jpg,A
N_0000000001/N_0000000001_00066.jpg,A
N_0000000001/N_0000000001_00070.jpg,A
N_0000000001/N_0000000001_00072.jpg,A
N_0000000001/N_0000000001_00016.jpg,A
N_0000000001/N_0000000001_00078.jpg,A
N_0000000001/N_0000000001_00149.jpg,A
N_0000000001/N_0000000001_00216.jpg,U
N_0000000001/N_0000000001_00083.jpg,A
N_0000000001/N_0000000001_00086.jpg,A
N_0000000001/N_0000000001_00090.jpg,A
N_0000000001/N_0000000001_00096.jpg,A
N_0000000001/N_0000000001_00097.jpg,A
N_0000000001/N_0000000001_00101.jpg,A
N_0000000001/N_0000000001_00110.jpg,A
N_0000000001/N_0000000001_00111.jpg,A
N_0000000001/N_0000000001_00118.jpg,A
N_0000000001/N_0000000001_00119.jpg,A
N_0000000001/N_0000000001_00126.jpg,U
N_0000000001/N_0000000001_00130.jpg,U
N_0000000001/N_0000000001_00136.jpg,A
N_0000000001/N_0000000001_00137.jpg,A
N_0000000001/N_0000000001_00150.jpg,A
N_0000000001/N_0000000001_00151.jpg,A
N_0000000001/N_0000000001_00193.jpg,U
N_0000000001/N_0000000001_00194.jpg,A
N_0000000001/N_0000000001_00196.jpg,A
N_0000000001/N_0000000001_00203.jpg,A
N_0000000001/N_0000000001_00212.jpg,A
N_0000000001/N_0000000001_00219.jpg,A
N_0000000001/N_0000000001_00221.jpg,U
N_0000000001/N_0000000001_00226.jpg,A
N_0000000001/N_0000000001_00235.jpg,A
N_0000000001/N_0000000001_00242.jpg,A
N_0000000001/N_0000000001_00261.jpg,A
N_0000000001/N_0000000001_00263.jpg,A
N_0000000001/N_0000000001_00264.jpg,A
N_0000000001/N_0000000001_00265.jpg,A
N_0000000001/N_0000000001_00270.jpg,A
N_0000000001/N_0000000001_00278.jpg,A
N_0000000001/N_0000000001_00284.jpg,A
N_0000000001/N_0000000001_00285.jpg,A
N_0000000001/N_0000000001_00287.jpg,A
N_0000000001/N_0000000001_00294.jpg,A
N_0000000001/N_0000000001_00296.jpg,A
N_0000000001/N_0000000001_00300.jpg,A
N_0000000001/N_0000000001_00314.jpg,A
N_0000000001/N_0000000001_00318.jpg,A
N_0000000001/N_0000000001_00319.jpg,A
N_0000000001/N_0000000001_00322.jpg,A
N_0000000001/N_0000000001_00324.jpg,A
N_0000000001/N_0000000001_00327.jpg,A
N_0000000001/N_0000000001_00338.jpg,A
N_0000000001/N_0000000001_00347.jpg,A
N_0000000001/N_0000000001_00351.jpg,U
N_0000000001/N_0000000001_00361.jpg,A
N_0000000001/N_0000000001_00363.jpg,A
N_0000000001/N_0000000001_00365.jpg,A
N_0000000001/N_0000000001_00369.jpg,A
N_0000000001/N_0000000001_00374.jpg,A
N_0000000001/N_0000000001_00375.jpg,A
N_0000000001/N_0000000001_00386.jpg,A
N_0000000001/N_0000000001_00392.jpg,A
N_0000000001/N_0000000001_00406.jpg,A
N_0000000001/N_0000000001_00407.jpg,A
N_0000000001/N_0000000001_00410.jpg,A
N_0000000001/N_0000000001_00418.jpg,A
N_0000000001/N_0000000001_00422.jpg,A
N_0000000001/N_0000000001_00423.jpg,A
N_0000000001/N_0000000001_00434.jpg,A
N_0000000001/N_0000000001_00440.jpg,A
N_0000000001/N_0000000001_00445.jpg,A
N_0000000001/N_0000000001_00448.jpg,A
N_0000000001/N_0000000001_00454.jpg,A
N_0000000001/N_0000000001_00465.jpg,A
N_0000000001/N_0000000001_00466.jpg,A
N_0000000001/N_0000000001_00467.jpg,A
N_0000000001/N_0000000001_00473.jpg,A
N_0000000001/N_0000000001_00479.jpg,A
N_0000000001/N_0000000001_00494.jpg,A
N_0000000001/N_0000000001_00500.jpg,A
N_0000000001/N_0000000001_00518.jpg,A
N_0000000001/N_0000000001_00523.jpg,A
N_0000000001/N_0000000001_00529.jpg,A
N_0000000001/N_0000000001_00532.jpg,A
N_0000000001/N_0000000001_00538.jpg,A
N_0000000001/N_0000000001_00539.jpg,A
N_0000000001/N_0000000001_00542.jpg,A
N_0000000001/N_0000000001_00545.jpg,A
N_0000000001/N_0000000001_00546.jpg,A
N_0000000001/N_0000000001_00554.jpg,A
N_0000000001/N_0000000001_00556.jpg,A
N_0000000001/N_0000000001_00562.jpg,A
N_0000000001/N_0000000001_00565.jpg,A
N_0000000001/N_0000000001_00566.jpg,A
N_0000000001/N_0000000001_00574.jpg,A
N_0000000001/N_0000000001_00581.jpg,A
N_0000000001/N_0000000001_00585.jpg,A
N_0000000001/N_0000000001_00587.jpg,A
N_0000000001/N_0000000001_00592.jpg,A
N_0000000001/N_0000000001_00600.jpg,A
N_0000000001/N_0000000001_00602.jpg,A
N_0000000001/N_0000000001_00616.jpg,A
N_0000000001/N_0000000001_00619.jpg,A
N_0000000001/N_0000000001_00325.jpg,A
N_0000000001/N_0000000001_00348.jpg,A
N_0000000001/N_0000000001_00569.jpg,A
N_0000000001/N_0000000001_00588.jpg,A
N_0000000001/N_0000000001_00642.jpg,A
N_0000000001/N_0000000001_00659.jpg,A
N_0000000001/N_0000000001_00716.jpg,A
N_0000000001/N_0000000001_00819.jpg,A
N_0000000001/N_0000000001_00639.jpg,A
N_0000000001/N_0000000001_00646.jpg,A
N_0000000001/N_0000000001_00670.jpg,A
N_0000000001/N_0000000001_00671.jpg,A
N_0000000001/N_0000000001_00677.jpg,A
N_0000000001/N_0000000001_00679.jpg,A
N_0000000001/N_0000000001_00680.jpg,A
N_0000000001/N_0000000001_00686.jpg,A
N_0000000001/N_0000000001_00689.jpg,U
N_0000000001/N_0000000001_00701.jpg,A
N_0000000001/N_0000000001_00702.jpg,A
N_0000000001/N_0000000001_00706.jpg,A
N_0000000001/N_0000000001_00728.jpg,A
N_0000000001/N_0000000001_00748.jpg,A
N_0000000001/N_0000000001_00753.jpg,A
N_0000000001/N_0000000001_00757.jpg,A
N_0000000001/N_0000000001_00769.jpg,A
N_0000000001/N_0000000001_00777.jpg,A
N_0000000001/N_0000000001_00788.jpg,A
N_0000000001/N_0000000001_00798.jpg,U
N_0000000001/N_0000000001_00799.jpg,A
N_0000000001/N_0000000001_00804.jpg,A
N_0000000001/N_0000000001_00805.jpg,A
N_0000000001/N_0000000001_00806.jpg,A
N_0000000001/N_0000000001_00807.jpg,A
N_0000000001/N_0000000001_00808.jpg,A
N_0000000001/N_0000000001_00816.jpg,A
N_0000000001/N_0000000001_00823.jpg,A
N_0000000001/N_0000000001_00859.jpg,A
N_0000000001/N_0000000001_00868.jpg,A
N_0000000001/N_0000000001_00882.jpg,A
N_0000000001/N_0000000001_00883.jpg,U
N_0000000002/N_0000000002_00003.jpg,A
N_0000000002/N_0000000002_00004.jpg,A
N_0000000002/N_0000000002_00014.jpg,A
N_0000000002/N_0000000002_00018.jpg,A
N_0000000002/N_0000000002_00023.jpg,A
N_0000000002/N_0000000002_00024.jpg,A
N_0000000002/N_0000000002_00026.jpg,A
N_0000000002/N_0000000002_00027.jpg,A
N_0000000002/N_0000000002_00030.jpg,A
N_0000000002/N_0000000002_00042.jpg,A
N_0000000002/N_0000000002_00048.jpg,A
N_0000000002/N_0000000002_00049.jpg,A
N_0000000002/N_0000000002_00051.jpg,A
N_0000000002/N_0000000002_00054.jpg,A
N_0000000002/N_0000000002_00057.jpg,U
N_0000000002/N_0000000002_00065.jpg,A
N_0000000002/N_0000000002_00067.jpg,A
N_0000000002/N_0000000002_00102.jpg,A
N_0000000002/N_0000000002_00224.jpg,A
N_0000000002/N_0000000002_00262.jpg,A
N_0000000002/N_0000000002_00283.jpg,A
N_0000000002/N_0000000002_00081.jpg,A
N_0000000002/N_0000000002_00086.jpg,A
N_0000000002/N_0000000002_00087.jpg,A
N_0000000002/N_0000000002_00095.jpg,A
N_0000000002/N_0000000002_00097.jpg,A
N_0000000002/N_0000000002_00098.jpg,A
N_0000000002/N_0000000002_00103.jpg,A
N_0000000002/N_0000000002_00114.jpg,A
N_0000000002/N_0000000002_00126.jpg,A
N_0000000002/N_0000000002_00129.jpg,A
N_0000000002/N_0000000002_00136.jpg,A
N_0000000002/N_0000000002_00137.jpg,A
N_0000000002/N_0000000002_00139.jpg,A
N_0000000002/N_0000000002_00145.jpg,A
N_0000000002/N_0000000002_00146.jpg,A
N_0000000002/N_0000000002_00150.jpg,A
N_0000000002/N_0000000002_00153.jpg,A
N_0000000002/N_0000000002_00155.jpg,A
N_0000000002/N_0000000002_00168.jpg,A
N_0000000002/N_0000000002_00178.jpg,A
N_0000000002/N_0000000002_00188.jpg,A
N_0000000002/N_0000000002_00200.jpg,A
N_0000000002/N_0000000002_00205.jpg,A
N_0000000002/N_0000000002_00207.jpg,A
N_0000000002/N_0000000002_00211.jpg,U
N_0000000002/N_0000000002_00225.jpg,A
N_0000000002/N_0000000002_00244.jpg,A
N_0000000002/N_0000000002_00246.jpg,A
N_0000000002/N_0000000002_00248.jpg,A
N_0000000002/N_0000000002_00252.jpg,A
N_0000000002/N_0000000002_00254.jpg,A
N_0000000002/N_0000000002_00255.jpg,A
N_0000000002/N_0000000002_00261.jpg,A
N_0000000002/N_0000000002_00274.jpg,A
N_0000000002/N_0000000002_00277.jpg,A
N_0000000002/N_0000000002_00278.jpg,U
N_0000000002/N_0000000002_00288.jpg,A
N_0000000002/N_0000000002_00289.jpg,A
N_0000000002/N_0000000002_00291.jpg,A
N_0000000002/N_0000000002_00297.jpg,A
N_0000000002/N_0000000002_00298.jpg,A
N_0000000002/N_0000000002_00299.jpg,A
N_0000000002/N_0000000002_00304.jpg,A
N_0000000002/N_0000000002_00305.jpg,A
N_0000000002/N_0000000002_00306.jpg,U
N_0000000002/N_0000000002_00316.jpg,A
N_0000000002/N_0000000002_00328.jpg,A
N_0000000002/N_0000000002_00329.jpg,A
N_0000000002/N_0000000002_00333.jpg,A
N_0000000002/N_0000000002_00338.jpg,A
N_0000000002/N_0000000002_00347.jpg,A
N_0000000002/N_0000000002_00361.jpg,A
N_0000000002/N_0000000002_00363.jpg,A
N_0000000002/N_0000000002_00371.jpg,A
N_0000000002/N_0000000002_00373.jpg,A
N_0000000002/N_0000000002_00382.jpg,A
N_0000000002/N_0000000002_00394.jpg,A
N_0000000002/N_0000000002_00398.jpg,A
N_0000000002/N_0000000002_00400.jpg,A
N_0000000002/N_0000000002_00412.jpg,A
N_0000000002/N_0000000002_00414.jpg,A
N_0000000002/N_0000000002_00428.jpg,A
N_0000000002/N_0000000002_00434.jpg,A
N_0000000002/N_0000000002_00444.jpg,A
N_0000000002/N_0000000002_00449.jpg,U
N_0000000002/N_0000000002_00451.jpg,A
N_0000000002/N_0000000002_00469.jpg,A
N_0000000002/N_0000000002_00473.jpg,U
N_0000000002/N_0000000002_00477.jpg,A
N_0000000002/N_0000000002_00480.jpg,A
N_0000000002/N_0000000002_00482.jpg,A
N_0000000002/N_0000000002_00490.jpg,A
N_0000000002/N_0000000002_00497.jpg,A
N_0000000002/N_0000000002_00502.jpg,U
N_0000000002/N_0000000002_00505.jpg,A
N_0000000002/N_0000000002_00509.jpg,A
N_0000000002/N_0000000002_00517.jpg,A
N_0000000002/N_0000000002_00523.jpg,A
N_0000000002/N_0000000002_00524.jpg,A
N_0000000002/N_0000000002_00529.jpg,A
N_0000000002/N_0000000002_00532.jpg,A
N_0000000002/N_0000000002_00563.jpg,A
N_0000000002/N_0000000002_00567.jpg,U
N_0000000002/N_0000000002_00586.jpg,A
N_0000000002/N_0000000002_00587.jpg,A
N_0000000002/N_0000000002_00591.jpg,A
N_0000000002/N_0000000002_00601.jpg,A
N_0000000002/N_0000000002_00606.jpg,A
N_0000000002/N_0000000002_00334.jpg,A
N_0000000002/N_0000000002_00351.jpg,A
N_0000000002/N_0000000002_00411.jpg,A
N_0000000002/N_0000000002_00446.jpg,A
N_0000000002/N_0000000002_00478.jpg,A
N_0000000002/N_0000000002_00521.jpg,A
N_0000000002/N_0000000002_00618.jpg,A
N_0000000002/N_0000000002_00624.jpg,A
N_0000000002/N_0000000002_00646.jpg,U
N_0000000002/N_0000000002_00653.jpg,A
N_0000000002/N_0000000002_00658.jpg,U
N_0000000002/N_0000000002_00672.jpg,A
N_0000000002/N_0000000002_00688.jpg,A
N_0000000002/N_0000000002_00689.jpg,A
N_0000000002/N_0000000002_00704.jpg,A
N_0000000002/N_0000000002_00717.jpg,A
N_0000000002/N_0000000002_00718.jpg,A
N_0000000002/N_0000000002_00726.jpg,A
N_0000000002/N_0000000002_00729.jpg,A
N_0000000002/N_0000000002_00738.jpg,A
N_0000000002/N_0000000002_00746.jpg,A
N_0000000002/N_0000000002_00758.jpg,U
N_0000000002/N_0000000002_00762.jpg,A
N_0000000002/N_0000000002_00766.jpg,A
N_0000000002/N_0000000002_00767.jpg,U
N_0000000002/N_0000000002_00769.jpg,A
N_0000000002/N_0000000002_00776.jpg,A
N_0000000002/N_0000000002_00787.jpg,U
N_0000000002/N_0000000002_00790.jpg,A
N_0000000002/N_0000000002_00793.jpg,A
N_0000000002/N_0000000002_00794.jpg,U
N_0000000002/N_0000000002_00798.jpg,A
N_0000000002/N_0000000002_00801.jpg,A
N_0000000002/N_0000000002_00807.jpg,A
N_0000000002/N_0000000002_00810.jpg,A
N_0000000002/N_0000000002_00819.jpg,A
N_0000000002/N_0000000002_00843.jpg,A
N_0000000002/N_0000000002_00848.jpg,A
N_0000000002/N_0000000002_00857.jpg,A
N_0000000002/N_0000000002_00860.jpg,A
N_0000000002/N_0000000002_00866.jpg,U
N_0000000002/N_0000000002_00871.jpg,A
N_0000000002/N_0000000002_00874.jpg,U
N_0000000002/N_0000000002_00881.jpg,A
N_0000000002/N_0000000002_00885.jpg,A
N_0000000002/N_0000000002_00897.jpg,A
N_0000000002/N_0000000002_00898.jpg,A
N_0000000002/N_0000000002_00716.jpg,A
N_0000000002/N_0000000002_00771.jpg,A
N_0000000002/N_0000000002_00788.jpg,A
N_0000000002/N_0000000002_00804.jpg,A
N_0000000002/N_0000000002_00842.jpg,U
N_0000000002/N_0000000002_00880.jpg,A
N_0000000002/N_0000000002_00922.jpg,A
N_0000000002/N_0000000002_00907.jpg,A
N_0000000002/N_0000000002_00918.jpg,A
N_0000000002/N_0000000002_00940.jpg,A
N_0000000002/N_0000000002_00945.jpg,A
N_0000000002/N_0000000002_00946.jpg,A
N_0000000002/N_0000000002_00950.jpg,A
N_0000000002/N_0000000002_00960.jpg,A
N_0000000002/N_0000000002_00962.jpg,A
N_0000000002/N_0000000002_00963.jpg,A
N_0000000003/N_0000000003_00003.jpg,A
N_0000000003/N_0000000003_00004.jpg,U
N_0000000003/N_0000000003_00006.jpg,A
N_0000000003/N_0000000003_00007.jpg,A
N_0000000003/N_0000000003_00008.jpg,A
N_0000000003/N_0000000003_00009.jpg,U
N_0000000003/N_0000000003_00012.jpg,A
N_0000000003/N_0000000003_00013.jpg,U
N_0000000003/N_0000000003_00019.jpg,A
N_0000000003/N_0000000003_00020.jpg,A
N_0000000003/N_0000000003_00021.jpg,A
N_0000000003/N_0000000003_00024.jpg,A
N_0000000003/N_0000000003_00025.jpg,A
N_0000000003/N_0000000003_00026.jpg,A
N_0000000003/N_0000000003_00027.jpg,A
N_0000000003/N_0000000003_00029.jpg,A
N_0000000003/N_0000000003_00033.jpg,A
N_0000000003/N_0000000003_00034.jpg,A
N_0000000003/N_0000000003_00035.jpg,A
N_0000000003/N_0000000003_00036.jpg,A
N_0000000003/N_0000000003_00038.jpg,A
N_0000000003/N_0000000003_00040.jpg,U
N_0000000003/N_0000000003_00043.jpg,A
N_0000000003/N_0000000003_00044.jpg,A
N_0000000003/N_0000000003_00048.jpg,A
N_0000000003/N_0000000003_00049.jpg,A
N_0000000003/N_0000000003_00051.jpg,A
N_0000000003/N_0000000003_00056.jpg,A
N_0000000003/N_0000000003_00065.jpg,U
N_0000000003/N_0000000003_00066.jpg,A
N_0000000003/N_0000000003_00067.jpg,A
N_0000000003/N_0000000003_00077.jpg,A
N_0000000003/N_0000000003_00078.jpg,A
N_0000000003/N_0000000003_00022.jpg,A
N_0000000003/N_0000000003_00112.jpg,A
N_0000000003/N_0000000003_00231.jpg,A
N_0000000003/N_0000000003_00264.jpg,A
N_0000000003/N_0000000003_00299.jpg,A
N_0000000003/N_0000000003_00338.jpg,A
N_0000000003/N_0000000003_00083.jpg,A
N_0000000003/N_0000000003_00089.jpg,A
N_0000000003/N_0000000003_00090.jpg,A
N_0000000003/N_0000000003_00092.jpg,A
N_0000000003/N_0000000003_00103.jpg,A
N_0000000003/N_0000000003_00108.jpg,A
N_0000000003/N_0000000003_00114.jpg,U
N_0000000003/N_0000000003_00120.jpg,A
N_0000000003/N_0000000003_00123.jpg,A
N_0000000003/N_0000000003_00125.jpg,U
N_0000000003/N_0000000003_00127.jpg,A
N_0000000003/N_0000000003_00131.jpg,A
N_0000000003/N_0000000003_00234.jpg,A
N_0000000003/N_0000000003_00235.jpg,A
N_0000000003/N_0000000003_00238.jpg,A
N_0000000003/N_0000000003_00240.jpg,U
N_0000000003/N_0000000003_00241.jpg,A
N_0000000003/N_0000000003_00243.jpg,A
N_0000000003/N_0000000003_00244.jpg,A
N_0000000003/N_0000000003_00245.jpg,A
N_0000000003/N_0000000003_00249.jpg,A
N_0000000003/N_0000000003_00250.jpg,A
N_0000000003/N_0000000003_00251.jpg,A
N_0000000003/N_0000000003_00252.jpg,A
N_0000000003/N_0000000003_00255.jpg,A
N_0000000003/N_0000000003_00258.jpg,A
N_0000000003/N_0000000003_00263.jpg,A
N_0000000003/N_0000000003_00269.jpg,A
N_0000000003/N_0000000003_00272.jpg,U
N_0000000003/N_0000000003_00273.jpg,A
N_0000000003/N_0000000003_00275.jpg,A
N_0000000003/N_0000000003_00284.jpg,A
N_0000000003/N_0000000003_00285.jpg,A
N_0000000003/N_0000000003_00286.jpg,A
N_0000000003/N_0000000003_00287.jpg,A
N_0000000003/N_0000000003_00290.jpg,A
N_0000000003/N_0000000003_00291.jpg,A
N_0000000003/N_0000000003_00293.jpg,U
N_0000000003/N_0000000003_00295.jpg,A
N_0000000003/N_0000000003_00296.jpg,A
N_0000000003/N_0000000003_00301.jpg,U
N_0000000003/N_0000000003_00302.jpg,A
N_0000000003/N_0000000003_00303.jpg,A
N_0000000003/N_0000000003_00305.jpg,A
N_0000000003/N_0000000003_00307.jpg,A
N_0000000003/N_0000000003_00308.jpg,A
N_0000000003/N_0000000003_00310.jpg,A
N_0000000003/N_0000000003_00311.jpg,A
N_0000000003/N_0000000003_00313.jpg,A
N_0000000003/N_0000000003_00320.jpg,A
N_0000000003/N_0000000003_00321.jpg,A
N_0000000003/N_0000000003_00329.jpg,A
N_0000000003/N_0000000003_00332.jpg,U
N_0000000003/N_0000000003_00333.jpg,U
N_0000000003/N_0000000003_00334.jpg,U
N_0000000003/N_0000000003_00335.jpg,A
N_0000000003/N_0000000003_00341.jpg,A
N_0000000003/N_0000000003_00344.jpg,A
N_0000000003/N_0000000003_00347.jpg,U
N_0000000003/N_0000000003_00352.jpg,A
N_0000000003/N_0000000003_00353.jpg,A
N_0000000003/N_0000000003_00356.jpg,A
N_0000000003/N_0000000003_00358.jpg,A
N_0000000003/N_0000000003_00359.jpg,A
N_0000000003/N_0000000003_00365.jpg,A
N_0000000003/N_0000000003_00368.jpg,A
N_0000000003/N_0000000003_00369.jpg,A
N_0000000003/N_0000000003_00371.jpg,A
N_0000000003/N_0000000003_00373.jpg,U
N_0000000003/N_0000000003_00374.jpg,U
N_0000000003/N_0000000003_00376.jpg,U
N_0000000003/N_0000000003_00379.jpg,A
N_0000000003/N_0000000003_00382.jpg,A
N_0000000003/N_0000000003_00384.jpg,U
N_0000000003/N_0000000003_00386.jpg,A
N_0000000003/N_0000000003_00391.jpg,A
N_0000000003/N_0000000003_00392.jpg,A
N_0000000003/N_0000000003_00399.jpg,A
N_0000000003/N_0000000003_00408.jpg,A
N_0000000003/N_0000000003_00422.jpg,A
N_0000000003/N_0000000003_00424.jpg,A
N_0000000003/N_0000000003_00429.jpg,A
N_0000000003/N_0000000003_00431.jpg,A
N_0000000003/N_0000000003_00433.jpg,A
N_0000000003/N_0000000003_00436.jpg,A
N_0000000003/N_0000000003_00437.jpg,U
N_0000000003/N_0000000003_00444.jpg,A
N_0000000003/N_0000000003_00447.jpg,A
N_0000000003/N_0000000003_00450.jpg,A
N_0000000003/N_0000000003_00451.jpg,A
N_0000000003/N_0000000003_00452.jpg,A
N_0000000003/N_0000000003_00453.jpg,A
N_0000000003/N_0000000003_00454.jpg,A
N_0000000003/N_0000000003_00457.jpg,A
N_0000000003/N_0000000003_00462.jpg,A
N_0000000003/N_0000000003_00465.jpg,A
N_0000000003/N_0000000003_00466.jpg,A
N_0000000003/N_0000000003_00467.jpg,A
N_0000000003/N_0000000003_00469.jpg,A
N_0000000003/N_0000000003_00473.jpg,A
N_0000000003/N_0000000003_00474.jpg,A
N_0000000003/N_0000000003_00499.jpg,A
N_0000000003/N_0000000003_00503.jpg,U
N_0000000003/N_0000000003_00504.jpg,A
N_0000000003/N_0000000003_00505.jpg,A
N_0000000003/N_0000000003_00507.jpg,A
N_0000000003/N_0000000003_00511.jpg,A
N_0000000003/N_0000000003_00521.jpg,A
N_0000000003/N_0000000003_00522.jpg,A
N_0000000003/N_0000000003_00534.jpg,A
N_0000000003/N_0000000003_00537.jpg,A
N_0000000003/N_0000000003_00541.jpg,U
N_0000000003/N_0000000003_00542.jpg,A
N_0000000003/N_0000000003_00547.jpg,A
N_0000000003/N_0000000003_00549.jpg,A
N_0000000003/N_0000000003_00553.jpg,A
N_0000000003/N_0000000003_00560.jpg,A
N_0000000003/N_0000000003_00561.jpg,A
N_0000000003/N_0000000003_00563.jpg,U
N_0000000003/N_0000000003_00565.jpg,A
N_0000000003/N_0000000003_00573.jpg,A
N_0000000003/N_0000000003_00578.jpg,U
N_0000000003/N_0000000003_00580.jpg,U
N_0000000003/N_0000000003_00583.jpg,A
N_0000000003/N_0000000003_00585.jpg,A
N_0000000003/N_0000000003_00588.jpg,U
N_0000000003/N_0000000003_00589.jpg,A
N_0000000003/N_0000000003_00596.jpg,A
N_0000000003/N_0000000003_00597.jpg,A
N_0000000003/N_0000000003_00606.jpg,A
N_0000000003/N_0000000003_00609.jpg,A
N_0000000003/N_0000000003_00610.jpg,U
N_0000000003/N_0000000003_00613.jpg,A
N_0000000003/N_0000000003_00614.jpg,A
N_0000000003/N_0000000003_00619.jpg,A
N_0000000003/N_0000000003_00620.jpg,U
N_0000000003/N_0000000003_00623.jpg,A
N_0000000003/N_0000000003_00629.jpg,A
N_0000000003/N_0000000003_00630.jpg,A
N_0000000003/N_0000000003_00631.jpg,A
N_0000000003/N_0000000003_00638.jpg,A
N_0000000003/N_0000000003_00644.jpg,A
N_0000000003/N_0000000003_00647.jpg,A
N_0000000003/N_0000000003_00650.jpg,A
N_0000000003/N_0000000003_00659.jpg,U
N_0000000003/N_0000000003_00660.jpg,A
N_0000000003/N_0000000003_00671.jpg,A
N_0000000003/N_0000000003_00674.jpg,A
N_0000000003/N_0000000003_00683.jpg,A
N_0000000003/N_0000000003_00702.jpg,A
N_0000000003/N_0000000003_00393.jpg,A
N_0000000003/N_0000000003_00439.jpg,A
N_0000000003/N_0000000003_00544.jpg,A
N_0000000003/N_0000000003_00586.jpg,A
N_0000000003/N_0000000003_00727.jpg,A
N_0000000003/N_0000000003_00774.jpg,U
N_0000000003/N_0000000003_00816.jpg,U
N_0000000003/N_0000000003_00862.jpg,A
N_0000000003/N_0000000003_00884.jpg,A
N_0000000003/N_0000000003_00709.jpg,U
N_0000000003/N_0000000003_00711.jpg,A
N_0000000003/N_0000000003_00713.jpg,A
N_0000000003/N_0000000003_00714.jpg,A
N_0000000003/N_0000000003_00715.jpg,A
N_0000000003/N_0000000003_00716.jpg,U
N_0000000003/N_0000000003_00718.jpg,U
N_0000000003/N_0000000003_00719.jpg,U
N_0000000003/N_0000000003_00720.jpg,U
N_0000000003/N_0000000003_00721.jpg,A
N_0000000003/N_0000000003_00723.jpg,A
N_0000000003/N_0000000003_00725.jpg,U
N_0000000003/N_0000000003_00729.jpg,U
N_0000000003/N_0000000003_00732.jpg,A
N_0000000003/N_0000000003_00735.jpg,A
N_0000000003/N_0000000003_00737.jpg,U
N_0000000003/N_0000000003_00739.jpg,A
N_0000000003/N_0000000003_00740.jpg,A
N_0000000003/N_0000000003_00742.jpg,A
N_0000000003/N_0000000003_00766.jpg,A
N_0000000003/N_0000000003_00767.jpg,A
N_0000000003/N_0000000003_00775.jpg,A
N_0000000003/N_0000000003_00776.jpg,A
N_0000000003/N_0000000003_00780.jpg,U
N_0000000003/N_0000000003_00781.jpg,A
N_0000000003/N_0000000003_00784.jpg,A
N_0000000003/N_0000000003_00785.jpg,U
N_0000000003/N_0000000003_00788.jpg,A
N_0000000003/N_0000000003_00793.jpg,U
N_0000000003/N_0000000003_00797.jpg,A
N_0000000003/N_0000000003_00800.jpg,A
N_0000000003/N_0000000003_00805.jpg,A
N_0000000003/N_0000000003_00810.jpg,A
N_0000000003/N_0000000003_00811.jpg,A
N_0000000003/N_0000000003_00814.jpg,A
N_0000000003/N_0000000003_00817.jpg,A
N_0000000003/N_0000000003_00819.jpg,A
N_0000000003/N_0000000003_00821.jpg,A
N_0000000003/N_0000000003_00823.jpg,U
N_0000000003/N_0000000003_00826.jpg,U
N_0000000003/N_0000000003_00828.jpg,U
N_0000000003/N_0000000003_00831.jpg,A
N_0000000003/N_0000000003_00833.jpg,A
N_0000000003/N_0000000003_00844.jpg,A
N_0000000003/N_0000000003_00846.jpg,A
N_0000000003/N_0000000003_00854.jpg,A
N_0000000003/N_0000000003_00868.jpg,A
N_0000000003/N_0000000003_00869.jpg,A
N_0000000003/N_0000000003_00870.jpg,A
N_0000000003/N_0000000003_00873.jpg,U
N_0000000003/N_0000000003_00876.jpg,U
N_0000000003/N_0000000003_00878.jpg,A
N_0000000003/N_0000000003_00883.jpg,A
N_0000000003/N_0000000003_00886.jpg,A
N_0000000003/N_0000000003_00887.jpg,A
N_0000000003/N_0000000003_00889.jpg,A
N_0000000003/N_0000000003_00893.jpg,A
N_0000000003/N_0000000003_00894.jpg,A
N_0000000003/N_0000000003_00904.jpg,A
N_0000000003/N_0000000003_00905.jpg,A
N_0000000003/N_0000000003_00911.jpg,A
N_0000000004/N_0000000004_00002.jpg,A
N_0000000004/N_0000000004_00003.jpg,A
N_0000000004/N_0000000004_00008.jpg,A
N_0000000004/N_0000000004_00009.jpg,U
N_0000000004/N_0000000004_00024.jpg,A
N_0000000004/N_0000000004_00026.jpg,A
N_0000000004/N_0000000004_00027.jpg,U
N_0000000004/N_0000000004_00029.jpg,A
N_0000000004/N_0000000004_00032.jpg,U
N_0000000004/N_0000000004_00034.jpg,U
N_0000000004/N_0000000004_00042.jpg,U
N_0000000004/N_0000000004_00049.jpg,A
N_0000000004/N_0000000004_00056.jpg,A
N_0000000004/N_0000000004_00058.jpg,A
N_0000000004/N_0000000004_00061.jpg,A
N_0000000004/N_0000000004_00074.jpg,U
N_0000000004/N_0000000004_00086.jpg,A
N_0000000004/N_0000000004_00094.jpg,A
N_0000000005/N_0000000005_00288.jpg,A
N_0000000005/N_0000000005_00587.jpg,U
N_0000000005/N_0000000005_00013.jpg,A
N_0000000005/N_0000000005_00029.jpg,A
N_0000000005/N_0000000005_00031.jpg,U
N_0000000005/N_0000000005_00036.jpg,A
N_0000000005/N_0000000005_00040.jpg,A
N_0000000005/N_0000000005_00042.jpg,A
N_0000000005/N_0000000005_00043.jpg,U
N_0000000005/N_0000000005_00045.jpg,U
N_0000000005/N_0000000005_00065.jpg,U
N_0000000005/N_0000000005_00068.jpg,U
N_0000000005/N_0000000005_00069.jpg,A
N_0000000005/N_0000000005_00073.jpg,A
N_0000000005/N_0000000005_00058.jpg,U
N_0000000005/N_0000000005_00166.jpg,A
N_0000000005/N_0000000005_00192.jpg,A
N_0000000005/N_0000000005_00208.jpg,U
N_0000000005/N_0000000005_00229.jpg,A
N_0000000005/N_0000000005_00249.jpg,A
N_0000000005/N_0000000005_00080.jpg,A
N_0000000005/N_0000000005_00084.jpg,U
N_0000000005/N_0000000005_00089.jpg,A
N_0000000005/N_0000000005_00090.jpg,U
N_0000000005/N_0000000005_00095.jpg,U
N_0000000005/N_0000000005_00100.jpg,A
N_0000000005/N_0000000005_00103.jpg,A
N_0000000005/N_0000000005_00116.jpg,A
N_0000000005/N_0000000005_00120.jpg,U
N_0000000005/N_0000000005_00124.jpg,A
N_0000000005/N_0000000005_00128.jpg,A
N_0000000005/N_0000000005_00133.jpg,U
N_0000000005/N_0000000005_00135.jpg,A
N_0000000005/N_0000000005_00139.jpg,A
N_0000000005/N_0000000005_00143.jpg,A
N_0000000005/N_0000000005_00152.jpg,U
N_0000000005/N_0000000005_00155.jpg,A
N_0000000005/N_0000000005_00159.jpg,A
N_0000000005/N_0000000005_00164.jpg,U
N_0000000005/N_0000000005_00165.jpg,A
N_0000000005/N_0000000005_00167.jpg,U
N_0000000005/N_0000000005_00169.jpg,A
N_0000000005/N_0000000005_00174.jpg,A
N_0000000005/N_0000000005_00194.jpg,U
N_0000000005/N_0000000005_00195.jpg,U
N_0000000005/N_0000000005_00204.jpg,U
N_0000000005/N_0000000005_00213.jpg,U
N_0000000005/N_0000000005_00216.jpg,A
N_0000000005/N_0000000005_00217.jpg,A
N_0000000005/N_0000000005_00230.jpg,A
N_0000000005/N_0000000005_00241.jpg,A
N_0000000005/N_0000000005_00246.jpg,A
N_0000000005/N_0000000005_00254.jpg,U
N_0000000005/N_0000000005_00266.jpg,A
N_0000000005/N_0000000005_00275.jpg,A
N_0000000005/N_0000000005_00290.jpg,U
N_0000000005/N_0000000005_00296.jpg,A
N_0000000005/N_0000000005_00300.jpg,U
N_0000000005/N_0000000005_00309.jpg,A
N_0000000005/N_0000000005_00310.jpg,A
N_0000000005/N_0000000005_00313.jpg,A
N_0000000005/N_0000000005_00323.jpg,A
N_0000000005/N_0000000005_00328.jpg,A
N_0000000005/N_0000000005_00332.jpg,A
N_0000000005/N_0000000005_00348.jpg,A
N_0000000005/N_0000000005_00356.jpg,U
N_0000000005/N_0000000005_00359.jpg,A
N_0000000005/N_0000000005_00361.jpg,A
N_0000000005/N_0000000005_00364.jpg,U
N_0000000005/N_0000000005_00366.jpg,A
N_0000000005/N_0000000005_00368.jpg,A
N_0000000005/N_0000000005_00371.jpg,U
N_0000000005/N_0000000005_00372.jpg,A
N_0000000005/N_0000000005_00374.jpg,A
N_0000000005/N_0000000005_00378.jpg,A
N_0000000005/N_0000000005_00379.jpg,A
N_0000000005/N_0000000005_00382.jpg,U
N_0000000005/N_0000000005_00383.jpg,U
N_0000000005/N_0000000005_00391.jpg,U
N_0000000005/N_0000000005_00424.jpg,A
N_0000000005/N_0000000005_00429.jpg,U
N_0000000005/N_0000000005_00437.jpg,A
N_0000000005/N_0000000005_00461.jpg,U
N_0000000005/N_0000000005_00462.jpg,A
N_0000000005/N_0000000005_00470.jpg,A
N_0000000005/N_0000000005_00471.jpg,A
N_0000000005/N_0000000005_00473.jpg,A
N_0000000005/N_0000000005_00478.jpg,A
N_0000000005/N_0000000005_00483.jpg,A
N_0000000005/N_0000000005_00501.jpg,U
N_0000000005/N_0000000005_00502.jpg,A
N_0000000005/N_0000000005_00505.jpg,A
N_0000000005/N_0000000005_00508.jpg,A
N_0000000005/N_0000000005_00510.jpg,A
N_0000000005/N_0000000005_00511.jpg,A
N_0000000005/N_0000000005_00540.jpg,A
N_0000000005/N_0000000005_00547.jpg,A
N_0000000005/N_0000000005_00557.jpg,A
N_0000000005/N_0000000005_00562.jpg,A
N_0000000005/N_0000000005_00568.jpg,U
N_0000000005/N_0000000005_00574.jpg,A
N_0000000005/N_0000000005_00586.jpg,U
N_0000000005/N_0000000005_00589.jpg,A
N_0000000005/N_0000000005_00591.jpg,A
N_0000000005/N_0000000005_00594.jpg,U
N_0000000005/N_0000000005_00605.jpg,A
N_0000000005/N_0000000005_00606.jpg,U
N_0000000005/N_0000000005_00347.jpg,A
N_0000000005/N_0000000005_00477.jpg,A
N_0000000005/N_0000000005_00616.jpg,A
N_0000000005/N_0000000005_00622.jpg,A
N_0000000005/N_0000000005_00628.jpg,U
N_0000000005/N_0000000005_00629.jpg,A
N_0000000005/N_0000000005_00654.jpg,A
N_0000000005/N_0000000005_00664.jpg,A
N_0000000005/N_0000000005_00695.jpg,A
N_0000000005/N_0000000005_00701.jpg,U
N_0000000005/N_0000000005_00702.jpg,A
N_0000000005/N_0000000005_00709.jpg,U
N_0000000005/N_0000000005_00710.jpg,A
N_0000000005/N_0000000005_00712.jpg,A
N_0000000005/N_0000000005_00718.jpg,A
N_0000000005/N_0000000005_00721.jpg,A
N_0000000005/N_0000000005_00723.jpg,A
N_0000000005/N_0000000005_00726.jpg,U
N_0000000005/N_0000000005_00751.jpg,A
N_0000000005/N_0000000005_00784.jpg,A
N_0000000005/N_0000000005_00794.jpg,A
N_0000000005/N_0000000005_00799.jpg,A
N_0000000005/N_0000000005_00804.jpg,A
N_0000000005/N_0000000005_00808.jpg,A
N_0000000005/N_0000000005_00812.jpg,A
N_0000000005/N_0000000005_00846.jpg,A
N_0000000005/N_0000000005_00853.jpg,A
N_0000000005/N_0000000005_00854.jpg,A
N_0000000005/N_0000000005_00868.jpg,A
N_0000000005/N_0000000005_00869.jpg,A
N_0000000005/N_0000000005_00897.jpg,A
N_0000000005/N_0000000005_00899.jpg,U
N_0000000005/N_0000000005_00902.jpg,A
N_0000000005/N_0000000005_00921.jpg,U
N_0000000005/N_0000000005_00631.jpg,A
N_0000000005/N_0000000005_00671.jpg,U
N_0000000005/N_0000000005_00777.jpg,A
N_0000000005/N_0000000005_00861.jpg,A
N_0000000005/N_0000000005_00880.jpg,A
N_0000000005/N_0000000005_00898.jpg,U
N_0000000006/N_0000000006_00003.jpg,U
N_0000000006/N_0000000006_00006.jpg,A
N_0000000006/N_0000000006_00007.jpg,A
N_0000000006/N_0000000006_00009.jpg,A
N_0000000006/N_0000000006_00010.jpg,A
N_0000000006/N_0000000006_00011.jpg,A
N_0000000006/N_0000000006_00015.jpg,U
N_0000000006/N_0000000006_00016.jpg,A
N_0000000006/N_0000000006_00020.jpg,A
N_0000000006/N_0000000006_00021.jpg,A
N_0000000006/N_0000000006_00023.jpg,A
N_0000000006/N_0000000006_00026.jpg,A
N_0000000006/N_0000000006_00028.jpg,A
N_0000000006/N_0000000006_00031.jpg,A
N_0000000006/N_0000000006_00032.jpg,A
N_0000000006/N_0000000006_00036.jpg,A
N_0000000006/N_0000000006_00044.jpg,A
N_0000000006/N_0000000006_00049.jpg,A
N_0000000006/N_0000000006_00059.jpg,A
N_0000000006/N_0000000006_00065.jpg,A
N_0000000006/N_0000000006_00069.jpg,U
N_0000000006/N_0000000006_00075.jpg,A
N_0000000006/N_0000000006_00101.jpg,A
N_0000000006/N_0000000006_00161.jpg,A
N_0000000006/N_0000000006_00216.jpg,U
N_0000000006/N_0000000006_00236.jpg,A
N_0000000006/N_0000000006_00082.jpg,A
N_0000000006/N_0000000006_00085.jpg,A
N_0000000006/N_0000000006_00091.jpg,U
N_0000000006/N_0000000006_00093.jpg,A
N_0000000006/N_0000000006_00095.jpg,A
N_0000000006/N_0000000006_00096.jpg,A
N_0000000006/N_0000000006_00097.jpg,A
N_0000000006/N_0000000006_00100.jpg,A
N_0000000006/N_0000000006_00104.jpg,A
N_0000000006/N_0000000006_00116.jpg,U
N_0000000006/N_0000000006_00118.jpg,A
N_0000000006/N_0000000006_00136.jpg,A
N_0000000006/N_0000000006_00137.jpg,A
N_0000000006/N_0000000006_00138.jpg,A
N_0000000006/N_0000000006_00153.jpg,A
N_0000000006/N_0000000006_00154.jpg,A
N_0000000006/N_0000000006_00156.jpg,A
N_0000000006/N_0000000006_00160.jpg,A
N_0000000006/N_0000000006_00165.jpg,A
N_0000000006/N_0000000006_00166.jpg,A
N_0000000006/N_0000000006_00167.jpg,A
N_0000000006/N_0000000006_00168.jpg,A
N_0000000006/N_0000000006_00170.jpg,A
N_0000000006/N_0000000006_00174.jpg,U
N_0000000006/N_0000000006_00176.jpg,A
N_0000000006/N_0000000006_00185.jpg,A
N_0000000006/N_0000000006_00188.jpg,U
N_0000000006/N_0000000006_00191.jpg,A
N_0000000006/N_0000000006_00200.jpg,A
N_0000000006/N_0000000006_00201.jpg,A
N_0000000006/N_0000000006_00202.jpg,A
N_0000000006/N_0000000006_00207.jpg,A
N_0000000006/N_0000000006_00209.jpg,A
N_0000000006/N_0000000006_00210.jpg,A
N_0000000006/N_0000000006_00215.jpg,U
N_0000000006/N_0000000006_00218.jpg,A
N_0000000006/N_0000000006_00220.jpg,A
N_0000000006/N_0000000006_00221.jpg,A
N_0000000006/N_0000000006_00224.jpg,A
N_0000000006/N_0000000006_00232.jpg,A
N_0000000006/N_0000000006_00233.jpg,U
N_0000000006/N_0000000006_00235.jpg,A
N_0000000006/N_0000000006_00237.jpg,A
N_0000000006/N_0000000006_00238.jpg,A
N_0000000006/N_0000000006_00240.jpg,A
N_0000000006/N_0000000006_00243.jpg,A
N_0000000006/N_0000000006_00249.jpg,A
N_0000000006/N_0000000006_00255.jpg,A
N_0000000006/N_0000000006_00257.jpg,A
N_0000000006/N_0000000006_00259.jpg,A
N_0000000006/N_0000000006_00265.jpg,A
N_0000000006/N_0000000006_00287.jpg,U
N_0000000006/N_0000000006_00290.jpg,A
N_0000000006/N_0000000006_00297.jpg,U
N_0000000006/N_0000000006_00298.jpg,A
N_0000000006/N_0000000006_00299.jpg,U
N_0000000006/N_0000000006_00302.jpg,A
N_0000000006/N_0000000006_00305.jpg,A
N_0000000006/N_0000000006_00307.jpg,U
N_0000000006/N_0000000006_00319.jpg,A
N_0000000006/N_0000000006_00332.jpg,A
N_0000000006/N_0000000006_00344.jpg,A
N_0000000006/N_0000000006_00349.jpg,A
N_0000000006/N_0000000006_00358.jpg,A
N_0000000006/N_0000000006_00362.jpg,A
N_0000000006/N_0000000006_00365.jpg,A
N_0000000006/N_0000000006_00367.jpg,A
N_0000000006/N_0000000006_00368.jpg,A
N_0000000006/N_0000000006_00374.jpg,A
N_0000000006/N_0000000006_00386.jpg,A
N_0000000006/N_0000000006_00388.jpg,A
N_0000000006/N_0000000006_00394.jpg,U
N_0000000006/N_0000000006_00397.jpg,U
N_0000000006/N_0000000006_00404.jpg,U
N_0000000006/N_0000000006_00408.jpg,A
N_0000000006/N_0000000006_00410.jpg,A
N_0000000006/N_0000000006_00411.jpg,A
N_0000000006/N_0000000006_00414.jpg,A
N_0000000006/N_0000000006_00420.jpg,A
N_0000000006/N_0000000006_00430.jpg,U
N_0000000006/N_0000000006_00440.jpg,A
N_0000000006/N_0000000006_00445.jpg,A
N_0000000006/N_0000000006_00454.jpg,A
N_0000000006/N_0000000006_00456.jpg,A
N_0000000006/N_0000000006_00457.jpg,A
N_0000000006/N_0000000006_00460.jpg,A
N_0000000006/N_0000000006_00461.jpg,U
N_0000000006/N_0000000006_00463.jpg,U
N_0000000006/N_0000000006_00467.jpg,A
N_0000000006/N_0000000006_00469.jpg,A
N_0000000006/N_0000000006_00470.jpg,A
N_0000000006/N_0000000006_00475.jpg,A
N_0000000006/N_0000000006_00476.jpg,A
N_0000000006/N_0000000006_00493.jpg,A
N_0000000006/N_0000000006_00494.jpg,U
N_0000000006/N_0000000006_00509.jpg,U
N_0000000006/N_0000000006_00510.jpg,A
N_0000000006/N_0000000006_00514.jpg,A
N_0000000006/N_0000000006_00519.jpg,A
N_0000000006/N_0000000006_00521.jpg,A
N_0000000006/N_0000000006_00522.jpg,A
N_0000000006/N_0000000006_00524.jpg,A
N_0000000006/N_0000000006_00525.jpg,A
N_0000000006/N_0000000006_00533.jpg,A
N_0000000006/N_0000000006_00538.jpg,U
N_0000000006/N_0000000006_00549.jpg,A
N_0000000006/N_0000000006_00552.jpg,A
N_0000000006/N_0000000006_00554.jpg,A
N_0000000006/N_0000000006_00555.jpg,A
N_0000000006/N_0000000006_00557.jpg,A
N_0000000006/N_0000000006_00561.jpg,A
N_0000000006/N_0000000006_00565.jpg,U
N_0000000006/N_0000000006_00573.jpg,A
N_0000000006/N_0000000006_00575.jpg,A
N_0000000006/N_0000000006_00577.jpg,A
N_0000000006/N_0000000006_00583.jpg,A
N_0000000006/N_0000000006_00591.jpg,A
N_0000000006/N_0000000006_00596.jpg,A
N_0000000006/N_0000000006_00598.jpg,A
N_0000000006/N_0000000006_00312.jpg,A
N_0000000006/N_0000000006_00333.jpg,A
N_0000000006/N_0000000006_00485.jpg,A
N_0000000006/N_0000000006_00523.jpg,A
N_0000000006/N_0000000006_00542.jpg,A
N_0000000006/N_0000000006_00558.jpg,A
N_0000000006/N_0000000006_00601.jpg,A
N_0000000006/N_0000000006_00603.jpg,A
N_0000000006/N_0000000006_00606.jpg,U
N_0000000006/N_0000000006_00607.jpg,A
N_0000000006/N_0000000006_00610.jpg,A
N_0000000006/N_0000000006_00612.jpg,A
N_0000000006/N_0000000006_00613.jpg,U
N_0000000006/N_0000000006_00618.jpg,A
N_0000000006/N_0000000006_00619.jpg,U
N_0000000006/N_0000000006_00620.jpg,A
N_0000000006/N_0000000006_00623.jpg,U
N_0000000006/N_0000000006_00633.jpg,A
N_0000000006/N_0000000006_00648.jpg,A
N_0000000006/N_0000000006_00652.jpg,U
N_0000000006/N_0000000006_00658.jpg,U
N_0000000006/N_0000000006_00659.jpg,A
N_0000000006/N_0000000006_00660.jpg,A
N_0000000006/N_0000000006_00661.jpg,A
N_0000000006/N_0000000006_00666.jpg,A
N_0000000006/N_0000000006_00672.jpg,A
N_0000000006/N_0000000006_00674.jpg,A
N_0000000006/N_0000000006_00678.jpg,A
N_0000000006/N_0000000006_00683.jpg,A
N_0000000006/N_0000000006_00690.jpg,A
N_0000000006/N_0000000006_00694.jpg,A
N_0000000006/N_0000000006_00698.jpg,A
N_0000000006/N_0000000006_00701.jpg,A
N_0000000006/N_0000000006_00712.jpg,A
N_0000000006/N_0000000006_00716.jpg,A
N_0000000006/N_0000000006_00718.jpg,A
N_0000000006/N_0000000006_00723.jpg,A
N_0000000006/N_0000000006_00737.jpg,U
N_0000000006/N_0000000006_00738.jpg,U
N_0000000006/N_0000000006_00739.jpg,U
N_0000000006/N_0000000006_00741.jpg,A
N_0000000006/N_0000000006_00742.jpg,A
N_0000000006/N_0000000006_00747.jpg,A
N_0000000006/N_0000000006_00757.jpg,U
N_0000000006/N_0000000006_00759.jpg,A
N_0000000006/N_0000000006_00771.jpg,A
N_0000000006/N_0000000006_00773.jpg,A
N_0000000006/N_0000000006_00775.jpg,U
N_0000000006/N_0000000006_00776.jpg,A
N_0000000006/N_0000000006_00781.jpg,A
N_0000000006/N_0000000006_00784.jpg,A
N_0000000006/N_0000000006_00790.jpg,U
N_0000000006/N_0000000006_00792.jpg,A
N_0000000006/N_0000000006_00797.jpg,U
N_0000000006/N_0000000006_00799.jpg,A
N_0000000006/N_0000000006_00804.jpg,A
N_0000000006/N_0000000006_00806.jpg,A
N_0000000006/N_0000000006_00811.jpg,A
N_0000000006/N_0000000006_00819.jpg,A
N_0000000006/N_0000000006_00827.jpg,A
N_0000000006/N_0000000006_00870.jpg,A
N_0000000006/N_0000000006_00871.jpg,U
N_0000000006/N_0000000006_00883.jpg,U
N_0000000006/N_0000000006_00887.jpg,A
N_0000000006/N_0000000006_00711.jpg,A
N_0000000006/N_0000000006_00746.jpg,A
N_0000000006/N_0000000006_00891.jpg,A
N_0000000006/N_0000000006_00939.jpg,A
N_0000000006/N_0000000006_00897.jpg,A
N_0000000006/N_0000000006_00899.jpg,A
N_0000000006/N_0000000006_00904.jpg,A
N_0000000006/N_0000000006_00911.jpg,U
N_0000000006/N_0000000006_00913.jpg,A
N_0000000006/N_0000000006_00932.jpg,A
N_0000000006/N_0000000006_00933.jpg,A
N_0000000006/N_0000000006_00936.jpg,A
N_0000000006/N_0000000006_00950.jpg,A
N_0000000006/N_0000000006_00951.jpg,A
N_0000000006/N_0000000006_00954.jpg,A
N_0000000006/N_0000000006_00960.jpg,U
N_0000000006/N_0000000006_00963.jpg,A
N_0000000006/N_0000000006_00965.jpg,A
N_0000000006/N_0000000006_00967.jpg,A
N_0000000007/N_0000000007_00580.jpg,A
N_0000000007/N_0000000007_00002.jpg,A
N_0000000007/N_0000000007_00006.jpg,A
N_0000000007/N_0000000007_00011.jpg,A
N_0000000007/N_0000000007_00015.jpg,A
N_0000000007/N_0000000007_00016.jpg,U
N_0000000007/N_0000000007_00018.jpg,A
N_0000000007/N_0000000007_00020.jpg,U
N_0000000007/N_0000000007_00026.jpg,A
N_0000000007/N_0000000007_00028.jpg,A
N_0000000007/N_0000000007_00029.jpg,U
N_0000000007/N_0000000007_00030.jpg,U
N_0000000007/N_0000000007_00031.jpg,U
N_0000000007/N_0000000007_00034.jpg,A
N_0000000007/N_0000000007_00036.jpg,A
N_0000000007/N_0000000007_00037.jpg,A
N_0000000007/N_0000000007_00041.jpg,A
N_0000000007/N_0000000007_00043.jpg,A
N_0000000007/N_0000000007_00046.jpg,U
N_0000000007/N_0000000007_00047.jpg,A
N_0000000007/N_0000000007_00050.jpg,A
N_0000000007/N_0000000007_00055.jpg,A
N_0000000007/N_0000000007_00057.jpg,A
N_0000000007/N_0000000007_00060.jpg,A
N_0000000007/N_0000000007_00063.jpg,A
N_0000000007/N_0000000007_00064.jpg,A
N_0000000007/N_0000000007_00066.jpg,A
N_0000000007/N_0000000007_00068.jpg,A
N_0000000007/N_0000000007_00069.jpg,A
N_0000000007/N_0000000007_00070.jpg,A
N_0000000007/N_0000000007_00073.jpg,A
N_0000000007/N_0000000007_00078.jpg,A
N_0000000007/N_0000000007_00079.jpg,A
N_0000000007/N_0000000007_00080.jpg,A
N_0000000007/N_0000000007_00022.jpg,A
N_0000000007/N_0000000007_00044.jpg,A
N_0000000007/N_0000000007_00065.jpg,A
N_0000000007/N_0000000007_00081.jpg,A
N_0000000007/N_0000000007_00100.jpg,A
N_0000000007/N_0000000007_00116.jpg,A
N_0000000007/N_0000000007_00135.jpg,A
N_0000000007/N_0000000007_00153.jpg,A
N_0000000007/N_0000000007_00174.jpg,A
N_0000000007/N_0000000007_00084.jpg,A
N_0000000007/N_0000000007_00085.jpg,A
N_0000000007/N_0000000007_00086.jpg,A
N_0000000007/N_0000000007_00087.jpg,A
N_0000000007/N_0000000007_00088.jpg,A
N_0000000007/N_0000000007_00089.jpg,A
N_0000000007/N_0000000007_00092.jpg,A
N_0000000007/N_0000000007_00093.jpg,A
N_0000000007/N_0000000007_00097.jpg,A
N_0000000007/N_0000000007_00099.jpg,A
N_0000000007/N_0000000007_00105.jpg,A
N_0000000007/N_0000000007_00108.jpg,A
N_0000000007/N_0000000007_00109.jpg,A
N_0000000007/N_0000000007_00120.jpg,A
N_0000000007/N_0000000007_00128.jpg,A
N_0000000007/N_0000000007_00134.jpg,A
N_0000000007/N_0000000007_00137.jpg,A
N_0000000007/N_0000000007_00159.jpg,A
N_0000000007/N_0000000007_00160.jpg,A
N_0000000007/N_0000000007_00161.jpg,A
N_0000000007/N_0000000007_00171.jpg,A
N_0000000007/N_0000000007_00172.jpg,A
N_0000000007/N_0000000007_00175.jpg,A
N_0000000007/N_0000000007_00177.jpg,A
N_0000000007/N_0000000007_00178.jpg,A
N_0000000007/N_0000000007_00190.jpg,A
N_0000000007/N_0000000007_00196.jpg,A
N_0000000007/N_0000000007_00197.jpg,A
N_0000000007/N_0000000007_00198.jpg,A
N_0000000007/N_0000000007_00257.jpg,U
N_0000000007/N_0000000007_00280.jpg,U
N_0000000007/N_0000000007_00376.jpg,U
N_0000000007/N_0000000007_00380.jpg,U
N_0000000007/N_0000000007_00444.jpg,U
N_0000000007/N_0000000007_00462.jpg,U
N_0000000007/N_0000000007_00538.jpg,U
N_0000000007/N_0000000007_00600.jpg,U
N_0000000007/N_0000000007_00601.jpg,U
N_0000000007/N_0000000007_00776.jpg,U
N_0000000007/N_0000000007_00780.jpg,U
N_0000000007/N_0000000007_00781.jpg,U
N_0000000007/N_0000000007_00798.jpg,U
N_0000000007/N_0000000007_00799.jpg,U
N_0000000007/N_0000000007_00808.jpg,U
N_0000000007/N_0000000007_00818.jpg,U
N_0000000007/N_0000000007_00887.jpg,U
N_0000000007/N_0000000007_00890.jpg,U
N_0000000007/N_0000000007_00895.jpg,U
N_0000000008/N_0000000008_00036.jpg,U
N_0000000008/N_0000000008_00085.jpg,U
N_0000000008/N_0000000008_00126.jpg,U
N_0000000008/N_0000000008_00131.jpg,U
N_0000000008/N_0000000008_00158.jpg,U
N_0000000008/N_0000000008_00200.jpg,U
N_0000000008/N_0000000008_00203.jpg,U
N_0000000008/N_0000000008_00232.jpg,U
N_0000000008/N_0000000008_00264.jpg,U
N_0000000008/N_0000000008_00356.jpg,U
N_0000000008/N_0000000008_00363.jpg,U
N_0000000008/N_0000000008_00373.jpg,U
N_0000000008/N_0000000008_00387.jpg,U
N_0000000008/N_0000000008_00395.jpg,U
N_0000000009/N_0000000009_00002.jpg,U
N_0000000009/N_0000000009_00030.jpg,U
N_0000000009/N_0000000009_00042.jpg,U
N_0000000009/N_0000000009_00049.jpg,U
N_0000000009/N_0000000009_00073.jpg,U
N_0000000009/N_0000000009_00078.jpg,U
N_0000000009/N_0000000009_00113.jpg,U
N_0000000009/N_0000000009_00126.jpg,U
N_0000000009/N_0000000009_00215.jpg,U
N_0000000009/N_0000000009_00221.jpg,U
N_0000000009/N_0000000009_00231.jpg,U
N_0000000009/N_0000000009_00242.jpg,U
N_0000000009/N_0000000009_00250.jpg,U
N_0000000009/N_0000000009_00279.jpg,U
N_0000000009/N_0000000009_00317.jpg,U
N_0000000009/N_0000000009_00330.jpg,U
N_0000000009/N_0000000009_00333.jpg,U
N_0000000009/N_0000000009_00359.jpg,U
N_0000000009/N_0000000009_00373.jpg,U
N_0000000009/N_0000000009_00379.jpg,U
N_0000000009/N_0000000009_00386.jpg,U
N_0000000009/N_0000000009_00393.jpg,U
N_0000000009/N_0000000009_00429.jpg,U
N_0000000009/N_0000000009_00437.jpg,U
N_0000000009/N_0000000009_00472.jpg,U
N_0000000009/N_0000000009_00370.jpg,U
N_0000000009/N_0000000009_00608.jpg,U
N_0000000009/N_0000000009_00618.jpg,U
N_0000000009/N_0000000009_00641.jpg,U
N_0000000009/N_0000000009_00643.jpg,U
N_0000000009/N_0000000009_00646.jpg,U
N_0000000009/N_0000000009_00664.jpg,U
N_0000000009/N_0000000009_00671.jpg,U
N_0000000009/N_0000000009_00677.jpg,U
N_0000000009/N_0000000009_00834.jpg,U
N_0000000009/N_0000000009_00849.jpg,U
N_0000000009/N_0000000009_00852.jpg,U
N_0000000009/N_0000000009_00924.jpg,U
N_0000000009/N_0000000009_00862.jpg,U
N_0000000009/N_0000000009_00879.jpg,U
N_0000000009/N_0000000009_00908.jpg,U
N_0000000009/N_0000000009_00944.jpg,U
N_0000000010/N_0000000010_00009.jpg,U
N_0000000010/N_0000000010_00019.jpg,U
N_0000000010/N_0000000010_00025.jpg,U
N_0000000010/N_0000000010_00030.jpg,U
N_0000000010/N_0000000010_00032.jpg,U
N_0000000010/N_0000000010_00038.jpg,U
N_0000000010/N_0000000010_00066.jpg,U
N_0000000010/N_0000000010_00087.jpg,U
N_0000000010/N_0000000010_00103.jpg,U
N_0000000010/N_0000000010_00099.jpg,U
N_0000000010/N_0000000010_00102.jpg,U
N_0000000010/N_0000000010_00105.jpg,U
N_0000000010/N_0000000010_00125.jpg,U
N_0000000010/N_0000000010_00128.jpg,U
N_0000000010/N_0000000010_00141.jpg,U
N_0000000010/N_0000000010_00159.jpg,U
N_0000000010/N_0000000010_00170.jpg,U
N_0000000010/N_0000000010_00176.jpg,U
N_0000000010/N_0000000010_00190.jpg,U
N_0000000010/N_0000000010_00198.jpg,U
N_0000000010/N_0000000010_00199.jpg,U
N_0000000010/N_0000000010_00216.jpg,U
N_0000000010/N_0000000010_00224.jpg,U
N_0000000010/N_0000000010_00246.jpg,U
N_0000000010/N_0000000010_00257.jpg,U
N_0000000010/N_0000000010_00269.jpg,U
N_0000000010/N_0000000010_00271.jpg,U
N_0000000010/N_0000000010_00288.jpg,U
N_0000000010/N_0000000010_00303.jpg,U
N_0000000010/N_0000000010_00304.jpg,U
N_0000000010/N_0000000010_00328.jpg,U
N_0000000010/N_0000000010_00331.jpg,U
N_0000000010/N_0000000010_00342.jpg,U
N_0000000010/N_0000000010_00386.jpg,U
N_0000000010/N_0000000010_00390.jpg,U
N_0000000010/N_0000000010_00395.jpg,U
N_0000000010/N_0000000010_00401.jpg,U
N_0000000010/N_0000000010_00407.jpg,U
N_0000000010/N_0000000010_00420.jpg,U
N_0000000010/N_0000000010_00425.jpg,U
N_0000000010/N_0000000010_00486.jpg,U
N_0000000010/N_0000000010_00585.jpg,U
N_0000000010/N_0000000010_00586.jpg,U
N_0000000010/N_0000000010_00587.jpg,U
N_0000000010/N_0000000010_00606.jpg,U
N_0000000010/N_0000000010_00645.jpg,U
N_0000000010/N_0000000010_00652.jpg,U
N_0000000010/N_0000000010_00720.jpg,U
N_0000000010/N_0000000010_00806.jpg,U
N_0000000010/N_0000000010_00588.jpg,U
N_0000000010/N_0000000010_00697.jpg,U
N_0000000010/N_0000000010_00756.jpg,U
N_0000000010/N_0000000010_00846.jpg,U
N_0000000010/N_0000000010_00849.jpg,U
N_0000000010/N_0000000010_00906.jpg,U
N_0000000011/N_0000000011_00002.jpg,U
N_0000000011/N_0000000011_00024.jpg,U
N_0000000011/N_0000000011_00202.jpg,U
N_0000000011/N_0000000011_00209.jpg,U
N_0000000011/N_0000000011_00243.jpg,U
N_0000000011/N_0000000011_00260.jpg,U
N_0000000011/N_0000000011_00329.jpg,U
N_0000000011/N_0000000011_00366.jpg,U
N_0000000011/N_0000000011_00400.jpg,U
N_0000000011/N_0000000011_00428.jpg,U
N_0000000011/N_0000000011_00481.jpg,U
N_0000000011/N_0000000011_00565.jpg,U
N_0000000011/N_0000000011_00579.jpg,U
N_0000000011/N_0000000011_00594.jpg,U
N_0000000011/N_0000000011_00414.jpg,U
N_0000000011/N_0000000011_00566.jpg,U
N_0000000011/N_0000000011_00714.jpg,U
N_0000000011/N_0000000011_00775.jpg,U
N_0000000011/N_0000000011_00794.jpg,U
N_0000000011/N_0000000011_00796.jpg,U
N_0000000011/N_0000000011_00877.jpg,U
N_0000000011/N_0000000011_00933.jpg,U
N_0000000012/N_0000000012_00016.jpg,U
N_0000000012/N_0000000012_00062.jpg,U
N_0000000012/N_0000000012_00140.jpg,U
N_0000000012/N_0000000012_00185.jpg,U
N_0000000012/N_0000000012_00207.jpg,U
N_0000000012/N_0000000012_00232.jpg,U
N_0000000012/N_0000000012_00254.jpg,U
N_0000000012/N_0000000012_00265.jpg,U
N_0000000012/N_0000000012_00326.jpg,U
N_0000000012/N_0000000012_00395.jpg,U
N_0000000012/N_0000000012_00501.jpg,U
N_0000000012/N_0000000012_00526.jpg,U
N_0000000012/N_0000000012_00527.jpg,U
N_0000000012/N_0000000012_00597.jpg,U
N_0000000012/N_0000000012_00643.jpg,U
N_0000000012/N_0000000012_00664.jpg,U
N_0000000012/N_0000000012_00665.jpg,U
N_0000000012/N_0000000012_00686.jpg,U
N_0000000012/N_0000000012_00749.jpg,U
N_0000000012/N_0000000012_00784.jpg,U
N_0000000012/N_0000000012_00803.jpg,U
N_0000000012/N_0000000012_00864.jpg,U
N_0000000013/N_0000000013_00003.jpg,U
N_0000000013/N_0000000013_00016.jpg,U
N_0000000013/N_0000000013_00021.jpg,U
N_0000000013/N_0000000013_00092.jpg,U
N_0000000013/N_0000000013_00137.jpg,U
N_0000000013/N_0000000013_00221.jpg,U
N_0000000013/N_0000000013_00277.jpg,U
N_0000000013/N_0000000013_00278.jpg,U
N_0000000013/N_0000000013_00287.jpg,U
N_0000000013/N_0000000013_00373.jpg,U
N_0000000013/N_0000000013_00406.jpg,U
N_0000000013/N_0000000013_00439.jpg,U
N_0000000013/N_0000000013_00462.jpg,U
N_0000000013/N_0000000013_00467.jpg,U
N_0000000013/N_0000000013_00631.jpg,U
N_0000000013/N_0000000013_00634.jpg,U
N_0000000013/N_0000000013_00668.jpg,U
N_0000000013/N_0000000013_00746.jpg,U
N_0000000013/N_0000000013_00766.jpg,U
N_0000000013/N_0000000013_00793.jpg,U
N_0000000014/N_0000000014_00004.jpg,U
N_0000000014/N_0000000014_00014.jpg,U
N_0000000014/N_0000000014_00072.jpg,U
N_0000000014/N_0000000014_00084.jpg,U
N_0000000014/N_0000000014_00099.jpg,U
N_0000000014/N_0000000014_00105.jpg,U
N_0000000014/N_0000000014_00188.jpg,U
N_0000000014/N_0000000014_00225.jpg,U
N_0000000014/N_0000000014_00243.jpg,U
N_0000000014/N_0000000014_00257.jpg,U
N_0000000014/N_0000000014_00381.jpg,U
N_0000000014/N_0000000014_00387.jpg,U
N_0000000014/N_0000000014_00543.jpg,U
N_0000000014/N_0000000014_00574.jpg,U
N_0000000014/N_0000000014_00594.jpg,U
N_0000000014/N_0000000014_00699.jpg,U
N_0000000015/N_0000000015_00062.jpg,U
N_0000000015/N_0000000015_00090.jpg,U
N_0000000015/N_0000000015_00093.jpg,U
N_0000000015/N_0000000015_00121.jpg,U
N_0000000015/N_0000000015_00190.jpg,U
N_0000000015/N_0000000015_00199.jpg,U
N_0000000015/N_0000000015_00228.jpg,U
N_0000000016/N_0000000016_00027.jpg,U
N_0000000016/N_0000000016_00033.jpg,U
N_0000000016/N_0000000016_00065.jpg,U
N_0000000016/N_0000000016_00149.jpg,U
N_0000000016/N_0000000016_00210.jpg,U
N_0000000016/N_0000000016_00282.jpg,U
N_0000000016/N_0000000016_00295.jpg,U
N_0000000016/N_0000000016_00316.jpg,U
N_0000000017/N_0000000017_00003.jpg,U
N_0000000017/N_0000000017_00006.jpg,U
N_0000000017/N_0000000017_00014.jpg,U
N_0000000017/N_0000000017_00040.jpg,U
N_0000000017/N_0000000017_00042.jpg,U
N_0000000017/N_0000000017_00066.jpg,U
N_0000000017/N_0000000017_00195.jpg,U
N_0000000017/N_0000000017_00095.jpg,U
N_0000000017/N_0000000017_00097.jpg,U
N_0000000017/N_0000000017_00112.jpg,U
N_0000000017/N_0000000017_00156.jpg,U
N_0000000017/N_0000000017_00212.jpg,U
N_0000000017/N_0000000017_00216.jpg,U
N_0000000017/N_0000000017_00233.jpg,U
N_0000000017/N_0000000017_00236.jpg,U
N_0000000017/N_0000000017_00284.jpg,U
N_0000000017/N_0000000017_00290.jpg,U
N_0000000017/N_0000000017_00324.jpg,U
N_0000000017/N_0000000017_00327.jpg,U
N_0000000017/N_0000000017_00332.jpg,U
N_0000000017/N_0000000017_00373.jpg,U
N_0000000017/N_0000000017_00383.jpg,U
N_0000000017/N_0000000017_00415.jpg,U
N_0000000017/N_0000000017_00458.jpg,U
N_0000000017/N_0000000017_00522.jpg,U
N_0000000017/N_0000000017_00534.jpg,U
N_0000000017/N_0000000017_00536.jpg,U
N_0000000017/N_0000000017_00443.jpg,U
N_0000000017/N_0000000017_00587.jpg,U
N_0000000017/N_0000000017_00596.jpg,U
N_0000000017/N_0000000017_00597.jpg,U
N_0000000017/N_0000000017_00674.jpg,U
N_0000000017/N_0000000017_00703.jpg,U
N_0000000017/N_0000000017_00705.jpg,U
N_0000000017/N_0000000017_00792.jpg,U
N_0000000019/N_0000000019_00002.jpg,U
N_0000000019/N_0000000019_00016.jpg,U
N_0000000019/N_0000000019_00072.jpg,U
N_0000000019/N_0000000019_00177.jpg,U
N_0000000019/N_0000000019_00162.jpg,U
N_0000000019/N_0000000019_00169.jpg,U
N_0000000019/N_0000000019_00171.jpg,U
N_0000000019/N_0000000019_00174.jpg,U
N_0000000019/N_0000000019_00175.jpg,U
N_0000000019/N_0000000019_00178.jpg,U
N_0000000019/N_0000000019_00179.jpg,U
N_0000000019/N_0000000019_00183.jpg,U
N_0000000019/N_0000000019_00240.jpg,U
N_0000000019/N_0000000019_00270.jpg,U
N_0000000019/N_0000000019_00293.jpg,U
N_0000000019/N_0000000019_00311.jpg,U
N_0000000019/N_0000000019_00331.jpg,U
N_0000000019/N_0000000019_00332.jpg,U
N_0000000019/N_0000000019_00393.jpg,U
N_0000000019/N_0000000019_00477.jpg,U
N_0000000019/N_0000000019_00483.jpg,U
N_0000000019/N_0000000019_00487.jpg,U
N_0000000019/N_0000000019_00501.jpg,U
N_0000000019/N_0000000019_00520.jpg,U
N_0000000019/N_0000000019_00310.jpg,U
N_0000000019/N_0000000019_00348.jpg,U
N_0000000019/N_0000000019_00718.jpg,U
N_0000000019/N_0000000019_00754.jpg,U
N_0000000019/N_0000000019_00783.jpg,U
N_0000000019/N_0000000019_00802.jpg,U
N_0000000019/N_0000000019_00848.jpg,U
N_0000000019/N_0000000019_00885.jpg,U
N_0000000020/N_0000000020_00012.jpg,U
N_0000000020/N_0000000020_00021.jpg,U
N_0000000020/N_0000000020_00022.jpg,U
N_0000000020/N_0000000020_00029.jpg,U
N_0000000020/N_0000000020_00048.jpg,U
N_0000000020/N_0000000020_00117.jpg,U
N_0000000020/N_0000000020_00149.jpg,U
N_0000000020/N_0000000020_00181.jpg,U
N_0000000020/N_0000000020_00211.jpg,U
N_0000000020/N_0000000020_00238.jpg,U
N_0000000020/N_0000000020_00266.jpg,U
N_0000000020/N_0000000020_00269.jpg,U
N_0000000020/N_0000000020_00275.jpg,U
N_0000000020/N_0000000020_00283.jpg,U
N_0000000020/N_0000000020_00310.jpg,U
N_0000000020/N_0000000020_00311.jpg,U
N_0000000020/N_0000000020_00328.jpg,U
N_0000000020/N_0000000020_00329.jpg,U
N_0000000020/N_0000000020_00361.jpg,U
N_0000000020/N_0000000020_00363.jpg,U
N_0000000020/N_0000000020_00374.jpg,U
N_0000000020/N_0000000020_00376.jpg,U
N_0000000020/N_0000000020_00406.jpg,U
N_0000000020/N_0000000020_00534.jpg,U
N_0000000020/N_0000000020_00540.jpg,U
N_0000000020/N_0000000020_00545.jpg,U
N_0000000020/N_0000000020_00548.jpg,U
N_0000000020/N_0000000020_00549.jpg,U
N_0000000020/N_0000000020_00559.jpg,U
N_0000000020/N_0000000020_00738.jpg,U
N_0000000020/N_0000000020_00744.jpg,U
N_0000000020/N_0000000020_00893.jpg,U
N_0000000021/N_0000000021_00112.jpg,U
N_0000000021/N_0000000021_00160.jpg,U
N_0000000021/N_0000000021_00168.jpg,U
N_0000000021/N_0000000021_00170.jpg,U
N_0000000021/N_0000000021_00245.jpg,U
N_0000000021/N_0000000021_00293.jpg,U
N_0000000021/N_0000000021_00309.jpg,U
N_0000000021/N_0000000021_00222.jpg,U
N_0000000021/N_0000000021_00296.jpg,U
N_0000000021/N_0000000021_00314.jpg,U
N_0000000021/N_0000000021_00320.jpg,U
N_0000000021/N_0000000021_00367.jpg,U
N_0000000021/N_0000000021_00548.jpg,U
N_0000000021/N_0000000021_00566.jpg,U
N_0000000021/N_0000000021_00620.jpg,U
N_0000000022/N_0000000022_00069.jpg,U
N_0000000022/N_0000000022_00075.jpg,U
N_0000000022/N_0000000022_00084.jpg,U
N_0000000022/N_0000000022_00093.jpg,U
N_0000000022/N_0000000022_00225.jpg,U
N_0000000022/N_0000000022_00260.jpg,U
N_0000000022/N_0000000022_00302.jpg,U
N_0000000022/N_0000000022_00458.jpg,U
N_0000000022/N_0000000022_00500.jpg,U
N_0000000022/N_0000000022_00534.jpg,U
N_0000000022/N_0000000022_00559.jpg,U
N_0000000022/N_0000000022_00561.jpg,U
N_0000000022/N_0000000022_00562.jpg,U
N_0000000022/N_0000000022_00595.jpg,U
N_0000000022/N_0000000022_00596.jpg,U
N_0000000022/N_0000000022_00600.jpg,U
N_0000000022/N_0000000022_00601.jpg,U
N_0000000022/N_0000000022_00334.jpg,U
N_0000000022/N_0000000022_00787.jpg,U
N_0000000022/N_0000000022_00639.jpg,U
N_0000000022/N_0000000022_00859.jpg,U
N_0000000022/N_0000000022_00865.jpg,U
N_0000000023/N_0000000023_00014.jpg,U
N_0000000023/N_0000000023_00160.jpg,U
N_0000000023/N_0000000023_00209.jpg,U
N_0000000023/N_0000000023_00213.jpg,U
N_0000000023/N_0000000023_00247.jpg,U
N_0000000023/N_0000000023_00263.jpg,U
N_0000000023/N_0000000023_00323.jpg,U
N_0000000023/N_0000000023_00333.jpg,U
N_0000000023/N_0000000023_00341.jpg,U
N_0000000023/N_0000000023_00343.jpg,U
N_0000000023/N_0000000023_00350.jpg,U
N_0000000023/N_0000000023_00461.jpg,U
N_0000000023/N_0000000023_00478.jpg,U
N_0000000023/N_0000000023_00562.jpg,U
N_0000000023/N_0000000023_00675.jpg,U
N_0000000023/N_0000000023_00716.jpg,U
N_0000000023/N_0000000023_00769.jpg,U
N_0000000024/N_0000000024_00025.jpg,U
N_0000000024/N_0000000024_00103.jpg,U
N_0000000025/N_0000000025_00092.jpg,U
N_0000000025/N_0000000025_00390.jpg,U
N_0000000025/N_0000000025_00445.jpg,U
N_0000000025/N_0000000025_00577.jpg,U
N_0000000025/N_0000000025_00689.jpg,U
N_0000000025/N_0000000025_00715.jpg,U
N_0000000025/N_0000000025_00749.jpg,U
N_0000000025/N_0000000025_00761.jpg,U
N_0000000025/N_0000000025_00774.jpg,U
N_0000000025/N_0000000025_00811.jpg,U
N_0000000025/N_0000000025_00834.jpg,U
N_0000000025/N_0000000025_00915.jpg,U
N_0000000026/N_0000000026_00071.jpg,U
N_0000000026/N_0000000026_00082.jpg,U
N_0000000026/N_0000000026_00084.jpg,U
N_0000000026/N_0000000026_00128.jpg,U
N_0000000026/N_0000000026_00099.jpg,U
N_0000000026/N_0000000026_00103.jpg,U
N_0000000026/N_0000000026_00123.jpg,U
N_0000000026/N_0000000026_00167.jpg,U
N_0000000026/N_0000000026_00199.jpg,U
N_0000000026/N_0000000026_00220.jpg,U
N_0000000026/N_0000000026_00231.jpg,U
N_0000000026/N_0000000026_00235.jpg,U
N_0000000026/N_0000000026_00239.jpg,U
N_0000000026/N_0000000026_00268.jpg,U
N_0000000026/N_0000000026_00274.jpg,U
N_0000000026/N_0000000026_00312.jpg,U
N_0000000026/N_0000000026_00342.jpg,U
N_0000000026/N_0000000026_00347.jpg,U
N_0000000026/N_0000000026_00372.jpg,U
N_0000000026/N_0000000026_00387.jpg,U
N_0000000026/N_0000000026_00434.jpg,U
N_0000000026/N_0000000026_00493.jpg,U
N_0000000026/N_0000000026_00499.jpg,U
N_0000000026/N_0000000026_00501.jpg,U
N_0000000026/N_0000000026_00505.jpg,U
N_0000000026/N_0000000026_00517.jpg,U
N_0000000026/N_0000000026_00596.jpg,U
N_0000000026/N_0000000026_00599.jpg,U
N_0000000026/N_0000000026_00703.jpg,U
N_0000000026/N_0000000026_00720.jpg,U
N_0000000026/N_0000000026_00721.jpg,U
N_0000000026/N_0000000026_00725.jpg,U
N_0000000026/N_0000000026_00761.jpg,U
N_0000000027/N_0000000027_00012.jpg,U
N_0000000027/N_0000000027_00026.jpg,U
N_0000000027/N_0000000027_00049.jpg,U
N_0000000027/N_0000000027_00257.jpg,U
N_0000000027/N_0000000027_00090.jpg,U
N_0000000027/N_0000000027_00114.jpg,U
N_0000000027/N_0000000027_00138.jpg,U
N_0000000027/N_0000000027_00140.jpg,U
N_0000000027/N_0000000027_00162.jpg,U
N_0000000027/N_0000000027_00249.jpg,U
N_0000000027/N_0000000027_00262.jpg,U
N_0000000027/N_0000000027_00264.jpg,U
N_0000000027/N_0000000027_00266.jpg,U
N_0000000027/N_0000000027_00291.jpg,U
N_0000000027/N_0000000027_00308.jpg,U
N_0000000027/N_0000000027_00314.jpg,U
N_0000000027/N_0000000027_00332.jpg,U
N_0000000027/N_0000000027_00366.jpg,U
N_0000000027/N_0000000027_00399.jpg,U
N_0000000027/N_0000000027_00405.jpg,U
N_0000000027/N_0000000027_00411.jpg,U
N_0000000027/N_0000000027_00467.jpg,U
N_0000000027/N_0000000027_00472.jpg,U
N_0000000027/N_0000000027_00532.jpg,U
N_0000000027/N_0000000027_00538.jpg,U
N_0000000027/N_0000000027_00582.jpg,U
N_0000000027/N_0000000027_00643.jpg,U
N_0000000027/N_0000000027_00669.jpg,U
N_0000000027/N_0000000027_00742.jpg,U
N_0000000027/N_0000000027_00744.jpg,U
N_0000000027/N_0000000027_00751.jpg,U
N_0000000027/N_0000000027_00775.jpg,U
N_0000000027/N_0000000027_00788.jpg,U
N_0000000027/N_0000000027_00916.jpg,U
N_0000000027/N_0000000027_00924.jpg,U
N_0000000028/N_0000000028_00145.jpg,U
N_0000000028/N_0000000028_00109.jpg,U
N_0000000028/N_0000000028_00150.jpg,U
N_0000000028/N_0000000028_00248.jpg,U
N_0000000028/N_0000000028_00252.jpg,U
N_0000000028/N_0000000028_00281.jpg,U
N_0000000028/N_0000000028_00300.jpg,U
N_0000000028/N_0000000028_00340.jpg,U
N_0000000028/N_0000000028_00357.jpg,U
N_0000000028/N_0000000028_00478.jpg,U
N_0000000028/N_0000000028_00521.jpg,U
N_0000000028/N_0000000028_00567.jpg,U
N_0000000028/N_0000000028_00580.jpg,U
N_0000000028/N_0000000028_00618.jpg,U
N_0000000028/N_0000000028_00665.jpg,U
N_0000000028/N_0000000028_00406.jpg,U
N_0000000028/N_0000000028_00698.jpg,U
N_0000000028/N_0000000028_00712.jpg,U
N_0000000028/N_0000000028_00764.jpg,U
N_0000000028/N_0000000028_00831.jpg,U
N_0000000028/N_0000000028_00861.jpg,U
N_0000000028/N_0000000028_00877.jpg,U
N_0000000028/N_0000000028_00895.jpg,U
N_0000000029/N_0000000029_00133.jpg,U
N_0000000029/N_0000000029_00503.jpg,U
N_0000000029/N_0000000029_00516.jpg,U
N_0000000029/N_0000000029_00572.jpg,U
N_0000000030/N_0000000030_00030.jpg,U
N_0000000030/N_0000000030_00032.jpg,U
N_0000000030/N_0000000030_00043.jpg,U
N_0000000030/N_0000000030_00179.jpg,U
N_0000000030/N_0000000030_00092.jpg,U
N_0000000030/N_0000000030_00111.jpg,U
N_0000000030/N_0000000030_00121.jpg,U
N_0000000030/N_0000000030_00132.jpg,U
N_0000000030/N_0000000030_00172.jpg,U
N_0000000030/N_0000000030_00207.jpg,U
N_0000000030/N_0000000030_00212.jpg,U
N_0000000030/N_0000000030_00259.jpg,U
N_0000000030/N_0000000030_00276.jpg,U
N_0000000030/N_0000000030_00278.jpg,U
N_0000000030/N_0000000030_00305.jpg,U
N_0000000030/N_0000000030_00310.jpg,U
N_0000000030/N_0000000030_00349.jpg,U
N_0000000030/N_0000000030_00394.jpg,U
N_0000000030/N_0000000030_00401.jpg,U
N_0000000030/N_0000000030_00419.jpg,U
N_0000000030/N_0000000030_00471.jpg,U
N_0000000030/N_0000000030_00525.jpg,U
N_0000000030/N_0000000030_00561.jpg,U
N_0000000030/N_0000000030_00579.jpg,U
N_0000000030/N_0000000030_00691.jpg,U
N_0000000030/N_0000000030_00702.jpg,U
N_0000000030/N_0000000030_00757.jpg,U
N_0000000030/N_0000000030_00843.jpg,U
N_0000000030/N_0000000030_00859.jpg,U
N_0000000030/N_0000000030_00880.jpg,U
N_0000000031/N_0000000031_00025.jpg,U
N_0000000031/N_0000000031_00028.jpg,U
N_0000000031/N_0000000031_00258.jpg,U
N_0000000031/N_0000000031_00111.jpg,U
N_0000000031/N_0000000031_00114.jpg,U
N_0000000031/N_0000000031_00177.jpg,U
N_0000000031/N_0000000031_00302.jpg,U
N_0000000031/N_0000000031_00303.jpg,U
N_0000000031/N_0000000031_00332.jpg,U
N_0000000031/N_0000000031_00524.jpg,U
N_0000000031/N_0000000031_00526.jpg,U
N_0000000031/N_0000000031_00538.jpg,U
N_0000000031/N_0000000031_00547.jpg,U
N_0000000031/N_0000000031_00612.jpg,U
N_0000000031/N_0000000031_00656.jpg,U
N_0000000031/N_0000000031_00722.jpg,U
N_0000000031/N_0000000031_00813.jpg,U
N_0000000032/N_0000000032_00002.jpg,U
N_0000000032/N_0000000032_00008.jpg,U
N_0000000032/N_0000000032_00019.jpg,U
N_0000000032/N_0000000032_00133.jpg,U
N_0000000032/N_0000000032_00144.jpg,U
N_0000000032/N_0000000032_00148.jpg,U
N_0000000032/N_0000000032_00196.jpg,U
N_0000000032/N_0000000032_00207.jpg,U
N_0000000032/N_0000000032_00322.jpg,U
N_0000000032/N_0000000032_00329.jpg,U
N_0000000032/N_0000000032_00338.jpg,U
N_0000000032/N_0000000032_00414.jpg,U
N_0000000032/N_0000000032_00468.jpg,U
N_0000000032/N_0000000032_00474.jpg,U
N_0000000032/N_0000000032_00489.jpg,U
N_0000000032/N_0000000032_00504.jpg,U
N_0000000032/N_0000000032_00528.jpg,U
N_0000000032/N_0000000032_00624.jpg,U
N_0000000032/N_0000000032_00703.jpg,U
N_0000000032/N_0000000032_00780.jpg,U
N_0000000032/N_0000000032_00829.jpg,U
N_0000000032/N_0000000032_00945.jpg,U
N_0000000033/N_0000000033_00006.jpg,U
N_0000000033/N_0000000033_00092.jpg,U
N_0000000033/N_0000000033_00102.jpg,U
N_0000000033/N_0000000033_00119.jpg,U
N_0000000033/N_0000000033_00196.jpg,U
N_0000000033/N_0000000033_00256.jpg,U
N_0000000033/N_0000000033_00268.jpg,U
N_0000000033/N_0000000033_00357.jpg,U
N_0000000033/N_0000000033_00375.jpg,U
N_0000000033/N_0000000033_00380.jpg,U
N_0000000033/N_0000000033_00557.jpg,U
N_0000000033/N_0000000033_00507.jpg,U
N_0000000033/N_0000000033_00600.jpg,U
N_0000000033/N_0000000033_00611.jpg,U
N_0000000033/N_0000000033_00619.jpg,U
N_0000000033/N_0000000033_00636.jpg,U
N_0000000033/N_0000000033_00651.jpg,U
N_0000000033/N_0000000033_00707.jpg,U
N_0000000033/N_0000000033_00724.jpg,U
N_0000000033/N_0000000033_00809.jpg,U
N_0000000033/N_0000000033_00855.jpg,U
N_0000000033/N_0000000033_00851.jpg,U
N_0000000033/N_0000000033_00871.jpg,U
N_0000000033/N_0000000033_00940.jpg,U
N_0000000034/N_0000000034_00049.jpg,U
N_0000000034/N_0000000034_00051.jpg,U
N_0000000034/N_0000000034_00065.jpg,U
N_0000000034/N_0000000034_00073.jpg,U
N_0000000034/N_0000000034_00111.jpg,U
N_0000000034/N_0000000034_00129.jpg,U
N_0000000034/N_0000000034_00139.jpg,U
N_0000000034/N_0000000034_00186.jpg,U
N_0000000034/N_0000000034_00193.jpg,U
N_0000000034/N_0000000034_00214.jpg,U
N_0000000034/N_0000000034_00225.jpg,U
N_0000000034/N_0000000034_00234.jpg,U
N_0000000034/N_0000000034_00236.jpg,U
N_0000000034/N_0000000034_00246.jpg,U
N_0000000034/N_0000000034_00258.jpg,U
N_0000000034/N_0000000034_00281.jpg,U
N_0000000034/N_0000000034_00302.jpg,U
N_0000000034/N_0000000034_00329.jpg,U
N_0000000034/N_0000000034_00391.jpg,U
N_0000000034/N_0000000034_00408.jpg,U
N_0000000034/N_0000000034_00432.jpg,U
N_0000000034/N_0000000034_00495.jpg,U
N_0000000034/N_0000000034_00498.jpg,U
N_0000000034/N_0000000034_00520.jpg,U
N_0000000034/N_0000000034_00555.jpg,U
N_0000000034/N_0000000034_00600.jpg,U
N_0000000034/N_0000000034_00605.jpg,U
N_0000000034/N_0000000034_00665.jpg,U
N_0000000034/N_0000000034_00740.jpg,U
N_0000000035/N_0000000035_00019.jpg,U
N_0000000035/N_0000000035_00208.jpg,U
N_0000000035/N_0000000035_00223.jpg,U
N_0000000035/N_0000000035_00227.jpg,U
N_0000000035/N_0000000035_00583.jpg,U
N_0000000035/N_0000000035_00683.jpg,U
N_0000000035/N_0000000035_00791.jpg,U
N_0000000035/N_0000000035_00809.jpg,U
N_0000000035/N_0000000035_00887.jpg,U
N_0000000036/N_0000000036_00004.jpg,U
N_0000000036/N_0000000036_00025.jpg,U
N_0000000036/N_0000000036_00043.jpg,U
N_0000000036/N_0000000036_00102.jpg,U
N_0000000036/N_0000000036_00030.jpg,U
N_0000000036/N_0000000036_00128.jpg,U
N_0000000036/N_0000000036_00161.jpg,U
N_0000000036/N_0000000036_00180.jpg,U
N_0000000036/N_0000000036_00205.jpg,U
N_0000000036/N_0000000036_00274.jpg,U
N_0000000036/N_0000000036_00276.jpg,U
N_0000000036/N_0000000036_00279.jpg,U
N_0000000036/N_0000000036_00379.jpg,U
N_0000000036/N_0000000036_00383.jpg,U
N_0000000037/N_0000000037_00049.jpg,U
N_0000000037/N_0000000037_00068.jpg,U
N_0000000037/N_0000000037_00083.jpg,U
N_0000000037/N_0000000037_00108.jpg,U
N_0000000037/N_0000000037_00153.jpg,U
N_0000000037/N_0000000037_00201.jpg,U
N_0000000037/N_0000000037_00241.jpg,U
N_0000000037/N_0000000037_00244.jpg,U
N_0000000037/N_0000000037_00256.jpg,U
N_0000000037/N_0000000037_00296.jpg,U
N_0000000037/N_0000000037_00349.jpg,U
N_0000000037/N_0000000037_00350.jpg,U
N_0000000037/N_0000000037_00370.jpg,U
N_0000000037/N_0000000037_00403.jpg,U
N_0000000037/N_0000000037_00471.jpg,U
N_0000000037/N_0000000037_00507.jpg,U
N_0000000037/N_0000000037_00519.jpg,U
N_0000000037/N_0000000037_00553.jpg,U
N_0000000037/N_0000000037_00600.jpg,U
N_0000000037/N_0000000037_00441.jpg,U
N_0000000037/N_0000000037_00848.jpg,U
N_0000000037/N_0000000037_00622.jpg,U
N_0000000037/N_0000000037_00626.jpg,U
N_0000000037/N_0000000037_00646.jpg,U
N_0000000037/N_0000000037_00670.jpg,U
N_0000000037/N_0000000037_00687.jpg,U
N_0000000037/N_0000000037_00707.jpg,U
N_0000000037/N_0000000037_00757.jpg,U
N_0000000037/N_0000000037_00773.jpg,U
N_0000000037/N_0000000037_00784.jpg,U
N_0000000037/N_0000000037_00789.jpg,U
N_0000000037/N_0000000037_00844.jpg,U
N_0000000037/N_0000000037_00870.jpg,U
N_0000000037/N_0000000037_00879.jpg,U
N_0000000037/N_0000000037_00895.jpg,U
N_0000000038/N_0000000038_00004.jpg,U
N_0000000038/N_0000000038_00036.jpg,U
N_0000000038/N_0000000038_00037.jpg,U
N_0000000038/N_0000000038_00076.jpg,U
N_0000000038/N_0000000038_00094.jpg,U
N_0000000038/N_0000000038_00108.jpg,U
N_0000000038/N_0000000038_00109.jpg,U
N_0000000038/N_0000000038_00084.jpg,U
N_0000000038/N_0000000038_00122.jpg,U
N_0000000038/N_0000000038_00140.jpg,U
N_0000000038/N_0000000038_00147.jpg,U
N_0000000038/N_0000000038_00282.jpg,U
N_0000000038/N_0000000038_00303.jpg,U
N_0000000038/N_0000000038_00316.jpg,U
N_0000000038/N_0000000038_00550.jpg,U
N_0000000038/N_0000000038_00552.jpg,U
N_0000000038/N_0000000038_00561.jpg,U
N_0000000038/N_0000000038_00582.jpg,U
N_0000000038/N_0000000038_00594.jpg,U
N_0000000038/N_0000000038_00629.jpg,U
N_0000000038/N_0000000038_00672.jpg,U
N_0000000038/N_0000000038_00685.jpg,U
N_0000000038/N_0000000038_00722.jpg,U
N_0000000038/N_0000000038_00732.jpg,U
N_0000000038/N_0000000038_00815.jpg,U
N_0000000038/N_0000000038_00847.jpg,U
N_0000000038/N_0000000038_00864.jpg,U
N_0000000038/N_0000000038_00866.jpg,U
N_0000000038/N_0000000038_00882.jpg,U
N_0000000039/N_0000000039_00027.jpg,U
N_0000000039/N_0000000039_00046.jpg,U
N_0000000039/N_0000000039_00051.jpg,U
N_0000000039/N_0000000039_00126.jpg,U
N_0000000039/N_0000000039_00129.jpg,U
N_0000000039/N_0000000039_00136.jpg,U
N_0000000039/N_0000000039_00150.jpg,U
N_0000000039/N_0000000039_00212.jpg,U
N_0000000039/N_0000000039_00214.jpg,U
N_0000000039/N_0000000039_00263.jpg,U
N_0000000039/N_0000000039_00325.jpg,U
N_0000000039/N_0000000039_00341.jpg,U
N_0000000039/N_0000000039_00463.jpg,U
N_0000000039/N_0000000039_00468.jpg,U
N_0000000039/N_0000000039_00476.jpg,U
N_0000000039/N_0000000039_00503.jpg,U
N_0000000039/N_0000000039_00531.jpg,U
N_0000000040/N_0000000040_00003.jpg,U
N_0000000040/N_0000000040_00019.jpg,U
N_0000000040/N_0000000040_00033.jpg,U
N_0000000040/N_0000000040_00046.jpg,U
N_0000000040/N_0000000040_00055.jpg,U
N_0000000040/N_0000000040_00077.jpg,U
N_0000000040/N_0000000040_00087.jpg,U
N_0000000040/N_0000000040_00103.jpg,U
N_0000000040/N_0000000040_00108.jpg,U
N_0000000040/N_0000000040_00116.jpg,U
N_0000000040/N_0000000040_00125.jpg,U
N_0000000040/N_0000000040_00128.jpg,U
N_0000000040/N_0000000040_00139.jpg,U
N_0000000040/N_0000000040_00152.jpg,U
N_0000000040/N_0000000040_00164.jpg,U
N_0000000040/N_0000000040_00194.jpg,U
N_0000000040/N_0000000040_00197.jpg,U
N_0000000040/N_0000000040_00198.jpg,U
N_0000000040/N_0000000040_00199.jpg,U
N_0000000040/N_0000000040_00201.jpg,U
N_0000000040/N_0000000040_00203.jpg,U
N_0000000040/N_0000000040_00214.jpg,U
N_0000000040/N_0000000040_00223.jpg,U
N_0000000040/N_0000000040_00254.jpg,U
N_0000000040/N_0000000040_00277.jpg,U
N_0000000040/N_0000000040_00286.jpg,U
N_0000000040/N_0000000040_00299.jpg,U
N_0000000040/N_0000000040_00305.jpg,U
N_0000000040/N_0000000040_00308.jpg,U
N_0000000040/N_0000000040_00322.jpg,U
N_0000000040/N_0000000040_00324.jpg,U
N_0000000040/N_0000000040_00330.jpg,U
N_0000000040/N_0000000040_00362.jpg,U
N_0000000040/N_0000000040_00427.jpg,U
N_0000000040/N_0000000040_00431.jpg,U
N_0000000040/N_0000000040_00432.jpg,U
N_0000000040/N_0000000040_00480.jpg,U
N_0000000040/N_0000000040_00501.jpg,U
N_0000000040/N_0000000040_00536.jpg,U
N_0000000040/N_0000000040_00544.jpg,U
N_0000000040/N_0000000040_00596.jpg,U
N_0000000040/N_0000000040_00600.jpg,U
N_0000000040/N_0000000040_00613.jpg,U
N_0000000040/N_0000000040_00627.jpg,U
N_0000000040/N_0000000040_00635.jpg,U
N_0000000040/N_0000000040_00641.jpg,U
N_0000000040/N_0000000040_00651.jpg,U
N_0000000040/N_0000000040_00679.jpg,U
N_0000000041/N_0000000041_00091.jpg,U
N_0000000041/N_0000000041_00095.jpg,U
N_0000000041/N_0000000041_00181.jpg,U
N_0000000041/N_0000000041_00114.jpg,U
N_0000000041/N_0000000041_00235.jpg,U
N_0000000041/N_0000000041_00290.jpg,U
N_0000000041/N_0000000041_00298.jpg,U
N_0000000041/N_0000000041_00299.jpg,U
N_0000000041/N_0000000041_00316.jpg,U
N_0000000041/N_0000000041_00470.jpg,U
N_0000000041/N_0000000041_00582.jpg,U
N_0000000041/N_0000000041_00608.jpg,U
N_0000000041/N_0000000041_00754.jpg,U
N_0000000041/N_0000000041_00780.jpg,U
N_0000000041/N_0000000041_00791.jpg,U
N_0000000042/N_0000000042_00004.jpg,U
N_0000000042/N_0000000042_00038.jpg,U
N_0000000042/N_0000000042_00039.jpg,U
N_0000000042/N_0000000042_00128.jpg,U
N_0000000042/N_0000000042_00174.jpg,U
N_0000000042/N_0000000042_00177.jpg,U
N_0000000042/N_0000000042_00212.jpg,U
N_0000000042/N_0000000042_00245.jpg,U
N_0000000042/N_0000000042_00290.jpg,U
N_0000000042/N_0000000042_00306.jpg,U
N_0000000042/N_0000000042_00312.jpg,U
N_0000000042/N_0000000042_00316.jpg,U
N_0000000042/N_0000000042_00335.jpg,U
N_0000000042/N_0000000042_00464.jpg,U
N_0000000042/N_0000000042_00584.jpg,U
N_0000000042/N_0000000042_00593.jpg,U
N_0000000042/N_0000000042_00540.jpg,U
N_0000000042/N_0000000042_00636.jpg,U
N_0000000042/N_0000000042_00646.jpg,U
N_0000000042/N_0000000042_00684.jpg,U
N_0000000042/N_0000000042_00784.jpg,U
N_0000000042/N_0000000042_00826.jpg,U
N_0000000042/N_0000000042_00842.jpg,U
N_0000000042/N_0000000042_00855.jpg,U
N_0000000042/N_0000000042_00892.jpg,U
N_0000000042/N_0000000042_00929.jpg,U
N_0000000042/N_0000000042_00948.jpg,U
N_0000000043/N_0000000043_00031.jpg,U
N_0000000043/N_0000000043_00095.jpg,U
N_0000000043/N_0000000043_00135.jpg,U
N_0000000043/N_0000000043_00137.jpg,U
N_0000000043/N_0000000043_00139.jpg,U
N_0000000043/N_0000000043_00148.jpg,U
N_0000000043/N_0000000043_00154.jpg,U
N_0000000043/N_0000000043_00221.jpg,U
